DeviceID,Country
DECO-00000000-78d9-4d1a-33e6-93f411e452ca,France
DECO-ffffffff-c461-bf53-ffff-fffff300b37c,France
DECO-00000000-3436-db28-2d75-564429fdc547,Italy
DECO-ffffffff-c312-e75c-ffff-fffffbdafbcc,Italy
DECO-00000000-028a-f261-ffff-ffffb4673c68,Italy
DECO-ffffffff-c557-6621-e880-800c0033c587,ROC
DECO-00000000-695f-484c-ffff-ffff8ac3f85a,Germany
DECO-ffffffff-9310-397a-41cf-b7860033c587,Slovenia
DECO-ffffffff-aac1-26eb-ffff-ffffcc8cad85,France
DECO-00000000-6edc-133d-de81-be461bf50056,United Kingdom
DECO-ffffffff-b6a3-5160-3ea1-e08e4ff034e4,United States of America
DECO-ffffffff-9b2d-8895-9046-80130033c587,Ukraine
DECO-00000000-3e44-1fa8-6f58-7be96c0872bf,Australia
DECO-ffffffff-985b-ca76-ffff-fffff72becb5,Latvia
DECO-00000000-2c99-467e-ffff-ffffb253d546,United States of America
DECO-ffffffff-a5c6-ff14-e4fc-65fe2d592214,Germany
DECO-ffffffff-a36c-f598-7ae4-584f4e14d858,Chile
DECO-00000000-036e-c952-6679-d6d77155110b,United Kingdom
DECO-00000000-6ece-0c2f-ffff-ffffebc8df1a,Italy
DECO-ffffffff-944f-3028-ffff-ffffc0c1112c,France
DECO-ffffffff-876b-2a27-bfe5-ad233205ad65,Italy
DECO-00000000-0b99-c383-ffff-ffffc97959dc,Germany
DECO-00000000-63b1-b77f-ffff-fffff3652716,Belgium
DECO-ffffffff-f1a8-d948-95dd-5e5f00000000,United States of America
DECO-ffffffff-aced-d5ac-ffff-ffffa59900ac,United States of America
DECO-00000000-30b6-f07c-346f-ffe6352c0e75,Mexico
DECO-00000000-5c6d-a63f-0033-c5870033c587,Spain
DECO-ffffffff-d224-467a-ffff-ffffab90a9eb,United Kingdom
DECO-ffffffff-89d6-b0aa-ffff-ffff89b17497,Brazil
DECO-00000000-1a38-16d9-dc3b-e397260175ac,Mexico
DECO-ffffffff-f9b8-ab8b-fb61-c2f973a1a27e,Italy
DECO-00000000-7320-79bd-974b-9937432370cd,Norway
DECO-ffffffff-b8db-5963-ffff-ffffec4c01b7,Spain
DECO-ffffffff-860f-9f29-7062-fbc435700a82,PRC
DECO-00000000-4d1b-5a05-ffff-ffff80b0801d,United Kingdom
DECO-00000000-2a1d-b92d-a81d-6bc6061d8eae,Finland
DECO-00000000-3603-deb3-ffff-fffff69af36c,Italy
DECO-ffffffff-b4fe-88e8-c4a0-86cf2ecff3c2,Austria
DECO-00000000-5c36-e1d1-6493-fc873122f743,Australia
DECO-ffffffff-a7c5-8cef-4347-263a0033c587,Italy
DECO-ffffffff-e4c7-799f-06ba-b4892fb22584,Nepal
DECO-00000000-2d2e-a523-0033-c5870033c587,Germany
DECO-00000000-29a4-0f0b-ffff-ffffb52ccce8,Switzerland
DECO-00000000-2623-e2c8-6f9b-92ca17e66a89,Germany
DECO-00000000-7eb3-966c-c4ac-e0ea0033c587,United States of America
DECO-00000000-4faf-fdc8-0033-c58700000000,United States of America
DECO-ffffffff-a78f-3505-ffff-ffff9345a1a5,Spain
DECO-ffffffff-8634-d1f2-ffff-fffffe9e9274,United Kingdom
DECO-00000000-41d1-2572-41ac-d8a31564ec97,Brazil
DECO-00000000-50c5-8ee1-5d00-48e30033c587,119454
DECO-ffffffff-b6f2-d870-4856-90450033c587,Mexico
DECO-ffffffff-966d-09eb-ffff-ffff9f3ddf8b,United States of America
DECO-ffffffff-fe16-8dc2-93c2-d5b15f331ed8,Canada
DECO-ffffffff-c529-bd07-60d1-d4f04e94db9c,United States of America
DECO-ffffffff-ec92-46cc-d248-459f00000000,Slovakia
DECO-00000000-6621-728f-556f-a5d10033c587,Denmark
DECO-00000000-2cd8-c449-ffff-ffff910a5530,Sweden
DECO-ffffffff-c6e2-0c12-ffff-ffff80798c24,Germany
DECO-ffffffff-db23-c22b-ffff-ffffcc22ac6c,Italy
DECO-ffffffff-ae55-0e33-592d-7a21507cab47,Italy
DECO-ffffffff-e10f-12cb-7671-bbf11a95d217,United Kingdom
DECO-ffffffff-8ad5-428b-ffff-ffffaa8195a7,Chile
DECO-00000000-3b42-4096-873a-6f1a0033c587,Ukraine
DECO-ffffffff-dc73-a744-ffff-ffffc840fe3a,Spain
DECO-ffffffff-ccc5-6eb2-e297-7dcc0033c587,United States of America
DECO-ffffffff-92fc-93ec-c8b2-59c465bc55c8,Germany
DECO-ffffffff-b58f-9660-ffff-ffffce6ea0ce,Italy
DECO-00000000-7f71-62fb-f647-baf70033c587,United States of America
DECO-00000000-35ba-cc5f-590d-d9c10033c587,Finland
DECO-ffffffff-8887-6eb1-ffff-ffff826f2e0f,Italy
DECO-00000000-5fdb-7f5a-f3e8-1fef7c319555,France
DECO-00000000-289a-2f5c-bd10-b83c7a6e2b63,France
DECO-00000000-6977-7616-1fe2-89150920b5cf,Turkey
DECO-00000000-6428-3002-d4cb-30281bf738e7,Spain
DECO-ffffffff-b999-e9bc-e0eb-f2e62080325b,Serbia
DECO-ffffffff-ac7a-6915-ffff-ffffbfab8ec2,France
DECO-00000000-3bbd-3d05-ffff-ffffe13ac579,Bulgaria
DECO-00000000-6127-1ff5-ffff-fffff0766894,United States of America
DECO-00000000-3976-1911-aed3-99cf00000000,Germany
DECO-00000000-65ab-f68e-ffff-ffffe5858073,Netherlands
DECO-ffffffff-b285-848e-a651-13fc0c55f18d,Italy
DECO-ffffffff-806e-a615-e788-e3b860bca054,Australia
DECO-00000000-0d76-b8ab-ffff-ffff9c616212,France
DECO-ffffffff-fcd4-bb64-e3b5-1c2e22fe9f90,United Kingdom
DECO-ffffffff-e12f-548d-efaf-9cc41900d309,United States of America
DECO-ffffffff-a697-a902-2092-46cc029c5cc5,United States of America
DECO-ffffffff-ad28-d33d-9cb0-85950033c587,India
DECO-ffffffff-915e-7387-34b2-51de0033c587,Italy
DECO-ffffffff-e9eb-ce0e-8e18-a1e800000000,Italy
DECO-00000000-1b52-5952-ffff-fffff2205f91,Spain
DECO-00000000-6968-febc-7a96-c0ee00000000,Mexico
DECO-ffffffff-fa39-8a3c-ffff-ffffda54414e,Mexico
DECO-ffffffff-c0c8-ac63-4df4-6c9b1e9e589f,Argentina
DECO-00000000-5a2d-8c00-4182-bb010033c587,None
DECO-00000000-13dc-9ace-ff0b-bd7c0033c587,Brazil
DECO-ffffffff-e474-91d0-6dac-422017348112,Italy
DECO-ffffffff-b1f1-a56e-e05d-62080033c587,Italy
DECO-ffffffff-88e0-05fe-0e42-d5755feb4c42,India
DECO-00000000-0ad2-0dfc-3693-50660033c587,Germany
DECO-ffffffff-cb6f-dd92-fba6-3f8251f83d85,Bulgaria
DECO-ffffffff-ad6a-f757-ffff-ffff82cf593f,United States of America
DECO-00000000-5a9c-198c-6831-8112067e30e8,RSA
DECO-00000000-5afe-11f5-d593-5c320033c587,Germany
DECO-00000000-46c9-ae21-7944-f355252d7fe7,Germany
DECO-00000000-7e4a-536c-ffff-ffffe70b7a5b,Belgium
DECO-00000000-4e28-e9b7-ad1c-d54b00000000,Spain
DECO-ffffffff-bd49-0c8c-0083-bd1772d35223,China
DECO-ffffffff-d859-9196-2ca0-90aa41127257,190000
DECO-ffffffff-b05a-4a12-ffff-fffff90aace1,Italy
DECO-00000000-36f3-51ea-3275-23da0033c587,Poland
DECO-00000000-6e3e-40d0-7782-fff20033c587,Italy
DECO-ffffffff-ff10-53e2-ffff-ffffe990ae5f,Germany
DECO-00000000-5866-b38d-c723-bf0869e9449b,United Kingdom
DECO-00000000-6ebb-6dd0-207f-d1353ef322d0,Belgium
DECO-00000000-1cdc-3090-ebad-dcdd10057d60,United States of America
DECO-ffffffff-d93e-b61b-ffff-ffffdd393b9b,Philippines
DECO-00000000-4545-7eb3-ffff-ffffb1a6a042,Poland
DECO-ffffffff-cde8-9536-ffff-ffffc4654a13,Italy
DECO-00000000-4e4e-00fd-8d79-fb5d4d398cb7,India
DECO-ffffffff-cbf7-60ff-ffff-ffffe430f38d,Canada
DECO-ffffffff-cf5b-e1d4-0033-c5870033c587,Spain
DECO-ffffffff-da30-8438-ffff-ffffa4b22242,Spain
DECO-ffffffff-b0ee-2382-ffff-ffffc49dbc47,Italy
DECO-ffffffff-beb7-b7a7-ffff-ffffbc03e048,Spain
DECO-ffffffff-c390-b470-ffff-ffffa30ba0a6,United States of America
DECO-00000000-6d5c-661e-ffff-ffffa5bedd28,Germany
DECO-ffffffff-d2aa-5694-c7cb-dc6d51beb50b,United States of America
DECO-ffffffff-fc22-25ec-ffff-ffffbe229665,United States of America
DECO-00000000-35c4-9051-15c0-5b435ee67197,Italy
DECO-ffffffff-e02a-78ca-ffff-ffffd6e75360,Spain
DECO-ffffffff-eb0a-7d8f-b28f-909e0033c587,Italy
DECO-00000000-251e-2a67-7f13-94080033c587,Poland
DECO-ffffffff-ce6e-e0ec-43f5-44b30033c587,United States of America
DECO-ffffffff-ca77-ccfa-7613-3b920f8f09b6,Czechia
DECO-00000000-0dac-f05c-ffff-fffff8a33223,United States of America
DECO-ffffffff-e5e0-41c9-ffff-ffffb0d36e91,Germany
DECO-00000000-2982-2ac6-ffff-ffff8289340a,Poland
DECO-ffffffff-b8c2-398b-ef78-7ea63c65660f,Austria
DECO-ffffffff-cef1-c69d-4689-3f9c0033c587,United States of America
DECO-ffffffff-fbe7-38ea-ffff-fffff75ca571,Italy
DECO-ffffffff-9ef0-3328-ffff-ffffe8952518,Italy
DECO-ffffffff-8a7b-1a4d-60f3-3a3800000000,Italy
DECO-ffffffff-a5cd-e7d5-ffff-ffffa4b24585,United Kingdom
DECO-ffffffff-8304-be74-3f34-89aa0033c587,United States of America
DECO-00000000-0930-6c53-ffff-ffff8a0aa567,Spain
DECO-00000000-503b-8ed9-75bf-e97c0033c587,United States of America
DECO-00000000-7812-1bb8-0033-c5870033c587,United Kingdom
DECO-00000000-6902-dc80-ffff-ffffceaf579d,Iran
DECO-ffffffff-b70a-dd32-ffff-ffffd758469c,Spain
DECO-00000000-311e-8c85-ffff-ffffeba13efd,Italy
DECO-ffffffff-ea6a-a1e7-ffff-ffffb2725fd2,Mexico
DECO-ffffffff-8c37-57bc-0033-c5870033c587,Italy
DECO-00000000-2507-2d4c-ffff-ffff95bc0f34,Italy
DECO-00000000-60ff-2571-ffff-ffffc366b46a,Turkey
DECO-00000000-732f-e8e6-ffff-ffff9b2e9e8e,United Kingdom
DECO-ffffffff-f79a-d5b1-ffff-ffff959d8e9e,Switzerland
DECO-ffffffff-d2a4-6c05-1549-cb98647e0a58,Canada
DECO-00000000-6963-9874-ffff-ffffff2f6049,Cameroon
DECO-00000000-3d70-0d47-2a26-a5bf496c8f3b,Venezuela
DECO-ffffffff-f659-0bce-38cd-19237b0d9a62,344092
DECO-00000000-39c3-c8ef-b610-7ff200000000,United Kingdom
DECO-00000000-6cbd-441d-1549-cb98647e0a58,Canada
DECO-ffffffff-fc6d-4143-f923-3248783a3e86,Italy
DECO-ffffffff-bf13-5161-eb77-e7f702f429c3,United States of America
DECO-00000000-470a-ad3e-ffff-fffff316f828,Spain
DECO-ffffffff-9018-df24-4a84-0b09641f390b,Spain
DECO-00000000-362b-e42e-ffff-fffffc5b94ef,Italy
DECO-00000000-2c52-3fa2-5fde-b7874702741a,Italy
DECO-00000000-527a-6ebf-ffff-fffffee3a1f2,Spain
DECO-ffffffff-b1f6-ba09-ffff-ffffed262b69,Italy
DECO-00000000-7ff7-68e1-ffff-ffff968dc472,Italy
DECO-00000000-4feb-469f-ffff-ffffec607409,Germany
DECO-00000000-0773-255d-ffff-ffffb5aa5aeb,United States of America
DECO-00000000-1480-9d65-ffff-ffff9b2db5d0,Morocco
DECO-ffffffff-8e43-ee61-6cae-222d70cd4ec3,Spain
DECO-00000000-28c1-5665-cc7e-b3470033c587,France
DECO-00000000-5c24-2417-7773-d12e38bb8138,Spain
DECO-ffffffff-b6f9-109d-2e82-93e707490c80,United States of America
DECO-00000000-6a53-bca7-ffff-ffffa804ef6d,United States of America
DECO-ffffffff-b3d4-05ba-009b-7ecd543dc7ea,Italy
DECO-ffffffff-9ad0-4bb2-070d-498d0033c587,Spain
DECO-ffffffff-fe2a-f1b7-e4fa-fe980033c587,Germany
DECO-ffffffff-eee4-2b3b-9aa8-3dd400000000,United States of America
DECO-ffffffff-da7e-27ce-ffff-ffff856530d0,Italy
DECO-00000000-5f8d-3d5b-ffff-fffff6fc5399,United States of America
DECO-ffffffff-dac9-8301-d0f8-c12100000000,United States of America
DECO-00000000-30cc-891e-ffff-ffff9e59c2e5,United Kingdom
DECO-00000000-735e-5afb-fadc-5a402ed5f023,United States of America
DECO-00000000-3c4e-a63c-6d3c-a5977a1992a8,Iran
DECO-ffffffff-d968-915b-dae7-cfa77810e9dd,United Kingdom
DECO-ffffffff-ed4c-6ff0-ffff-fffff6d68a28,Denmark
DECO-00000000-2b4c-ce05-0033-c5870033c587,Denmark
DECO-ffffffff-b0d1-db6c-60ef-7fd82f8acf7e,Germany
DECO-00000000-5269-526c-c107-6bf20033c587,Spain
DECO-ffffffff-c993-a61a-d017-99520033c587,Japan
DECO-ffffffff-fc6c-81e8-ffff-ffff892b1cbd,United States of America
DECO-ffffffff-e200-94c6-9177-62dd40ec24cc,Belgium
DECO-00000000-3c90-a603-7041-43ee4c1f1283,Germany
DECO-00000000-2f9d-138e-ffff-ffffb501166c,Canada
DECO-00000000-5b45-4b9f-bc7a-842430e05708,Finland
DECO-00000000-791a-3fc5-f80d-c6591407871a,Spain
DECO-ffffffff-eab0-2c72-ffff-fffffecc7b42,Thailand
DECO-00000000-6f71-dd6e-ffff-ffff949f1a02,Colombia
DECO-ffffffff-8d3f-54f2-294a-e27133cbc853,Spain
DECO-00000000-6c8a-5fc7-47da-26187df450de,United States of America
DECO-00000000-70ad-b3ea-1f42-38e70268dbe0,United States of America
DECO-ffffffff-a566-e77d-ffff-ffff8a4ec1fd,Colombia
DECO-ffffffff-f1a8-d948-95dd-5e5f142125a3,United States of America
DECO-ffffffff-a75b-122f-0033-c5870033c587,Italy
DECO-00000000-636f-e450-d4e0-e8230033c587,United States of America
DECO-00000000-0ab5-b47c-9ab7-c45e31bd6989,Italy
DECO-00000000-7bc1-37f0-ffff-ffffeb9f629d,New Zealand
DECO-00000000-0e19-8e12-ffff-ffffa486a657,Nepal
DECO-00000000-6998-7c5d-f32e-7aa54c200a6b,Israel
DECO-ffffffff-896e-7dc5-ffff-ffff8ad222d8,United States of America
DECO-00000000-35ba-cc5f-ffff-ffffbf038aee,Finland
DECO-00000000-1a49-5f2e-ffff-ffffe5e2a43f,Canada
DECO-00000000-0868-1cfd-0033-c5870033c587,Canada
DECO-00000000-0c09-1b7b-ffc1-d43a0033c587,Italy
DECO-00000000-4a18-427b-708f-ca0a3a95a3da,Spain
DECO-ffffffff-fb68-ef56-ffff-ffffb56c0f23,Italy
DECO-00000000-4aa5-3626-ffff-ffffdec0168a,Germany
DECO-00000000-7dcd-a996-ffff-fffffc3e64b0,Iran
DECO-00000000-622a-8905-c425-638c06cb8c00,Germany
DECO-ffffffff-d8e0-3b2f-52b6-7f543c61bfff,Mexico
DECO-ffffffff-9feb-639c-36f3-619e1d138d8c,Spain
DECO-ffffffff-cd38-9d1d-ffff-ffff890a7d70,Italy
DECO-ffffffff-d000-9361-e433-cba10033c587,United Kingdom
DECO-ffffffff-ef86-f9e7-ffff-ffff8a6ea9eb,Italy
DECO-00000000-0957-2247-120f-f3604b71a201,Spain
DECO-00000000-3fe3-e4a9-022e-b8c41a25f9b7,Spain
DECO-ffffffff-e55c-67c2-a05f-55e70033c587,Italy
DECO-ffffffff-efb5-e57f-ffff-ffff94b8e992,Italy
DECO-ffffffff-df26-2c0e-118a-97f6212c506e,RSA
DECO-ffffffff-e2e6-a198-90ac-ad970033c587,119454
DECO-00000000-3a96-13ec-ffff-ffffeb34a109,United Kingdom
DECO-00000000-4594-5bf1-ffff-ffffaa12e5cc,Mexico
DECO-00000000-5e55-80f0-ffff-ffffe32f4fd0,Italy
DECO-ffffffff-d6ae-0578-a8fb-823c52cec464,Colombia
DECO-ffffffff-fae9-5090-796b-bc4e0033c587,Italy
DECO-ffffffff-a5cd-e7d5-ffff-ffffb1ed3380,United Kingdom
DECO-ffffffff-c058-6453-df7f-0243467159e4,United States of America
DECO-00000000-3895-687a-cbb9-63482d8cdc3e,Canada
DECO-ffffffff-9b70-273d-55c7-92e61a38cb36,United Kingdom
DECO-00000000-15bf-a479-ffff-fffff5719dc2,Italy
DECO-ffffffff-e533-b7dd-ffff-ffff82f8db42,Canada
DECO-ffffffff-baee-85e2-5bd5-146d385e2a0b,Germany
DECO-00000000-22e4-8681-1baa-c2b071f99f84,Germany
DECO-00000000-3000-be0c-76dd-72f82615c74b,Italy
DECO-ffffffff-a04f-02be-572c-ae0d2b9c0a6f,France
DECO-00000000-424e-4f42-9cf8-c36d0033c587,Germany
DECO-ffffffff-9005-d404-ffff-ffffc328e834,Switzerland
DECO-00000000-518a-bf7d-ac92-acf11935e473,India
DECO-00000000-7335-b1cb-0b13-09e7252aba22,Germany
DECO-00000000-157a-b26d-0033-c58700000000,United States of America
DECO-00000000-57b7-5c2e-57ff-34940033c587,Netherlands
DECO-00000000-3c7e-866e-ffff-ffff92bdea0d,United States of America
DECO-ffffffff-bc19-c947-df18-c87c0033c587,Italy
DECO-00000000-0e7b-53aa-74f8-8aa00033c587,Netherlands
DECO-ffffffff-8dd6-2a5f-b2ff-deff0033c587,Spain
DECO-ffffffff-9603-45fa-ffff-ffffaf520b64,RSA
DECO-00000000-5085-3524-2df5-3b00239b8f1b,D.R.
DECO-00000000-3662-7c61-ffff-ffffa1328c66,Chile
DECO-00000000-642c-9e8e-ffff-ffffa89c0e67,Ethiopia
DECO-00000000-62b5-5046-c0da-2a001b30ff7e,Mexico
DECO-ffffffff-e054-12fb-d470-f4521c404731,Iran
DECO-ffffffff-ee53-2180-ffff-ffffe0ac6449,344092
DECO-00000000-12de-ed2e-871f-126c40ce7212,Australia
DECO-00000000-40a6-bd04-08e1-0f51037986b7,Italy
DECO-ffffffff-a515-c220-ffff-ffffcf2c266c,Sweden
DECO-ffffffff-c5be-dca1-ffff-ffffa621dc80,Germany
DECO-00000000-7e6d-76c2-60e6-6e7537c49780,Indonesia
DECO-ffffffff-dbd0-c275-ffff-ffffa5746c41,Venezuela
DECO-00000000-76b3-60a9-39b9-493163feb0a3,Italy
DECO-ffffffff-b882-c774-0217-94460033c587,Italy
DECO-00000000-4560-efa7-200f-f6f45973734d,Greece
DECO-00000000-7c0d-0da5-ffff-ffffeafbfe8f,United Kingdom
DECO-ffffffff-f659-0bce-38cd-19230033c587,344092
DECO-ffffffff-9a8d-4e08-ffff-ffffe94bcb0e,PRC
DECO-ffffffff-caf6-ebc4-c8f8-dec92c0591d2,Germany
DECO-ffffffff-ecaf-1719-ffff-ffffb4a3818e,Venezuela
DECO-00000000-221b-4040-ffff-ffffbc585e7b,Mexico
DECO-ffffffff-c9dd-7281-d620-737a583147fd,United States of America
DECO-ffffffff-ef63-baba-ffff-ffff946c2fa1,Germany
DECO-ffffffff-e456-555f-b289-c3a8796603a2,Switzerland
DECO-ffffffff-ebdb-a8dc-ae7b-384c78eb0fd9,Germany
DECO-ffffffff-c805-aa7b-cf54-dc0e0033c587,Italy
DECO-00000000-5269-526c-ffff-ffffadfb239f,Spain
DECO-00000000-4d27-8af4-0033-c5870033c587,Italy
DECO-ffffffff-9e72-2c36-ffff-ffff9ee1b63f,Canada
DECO-ffffffff-dc37-f385-ffff-ffff81bed14e,Spain
DECO-ffffffff-ef30-9c04-0898-02a90033c587,United States of America
DECO-00000000-152c-68e3-dc7c-99952c9751ff,France
DECO-ffffffff-96d1-85d9-6bdc-454e0033c587,France
DECO-ffffffff-a612-6dc2-ffff-ffffc9b758a5,United States of America
DECO-ffffffff-e769-d86a-ffff-ffffd558ddca,Italy
DECO-00000000-0f89-0dc8-ffff-ffff897086f6,France
DECO-00000000-257f-3c41-e296-23d20033c587,United States of America
DECO-ffffffff-9310-bf8a-eeb5-56de5f9888bb,633281
DECO-ffffffff-8ff3-5c8f-ebe8-ff740033c587,344092
DECO-ffffffff-9eaf-9658-7494-51160033c587,Italy
DECO-00000000-0973-0743-ad9a-61344b4f3d5d,New Zealand
DECO-ffffffff-c37a-383b-070d-498d0033c587,Spain
DECO-ffffffff-b8b9-2930-08bf-68587e41facc,Spain
DECO-ffffffff-aef0-dd62-3b93-6c5a2caf6de4,Spain
DECO-00000000-4673-5c5d-ffff-ffffcb778390,Malaysia
DECO-ffffffff-c203-06ba-0033-c5870033c587,Denmark
DECO-00000000-5249-8071-9301-6e333ecb6040,France
DECO-ffffffff-e330-d12f-77d7-b9b40033c587,Italy
DECO-00000000-5942-e7d6-ac17-3e210252e6df,Kenya
DECO-ffffffff-8f49-b0fb-cb4d-dd65481e0077,Italy
DECO-ffffffff-f8d2-3880-0838-ebb639f4fda9,Italy
DECO-00000000-2509-f137-41bb-2d0c0033c587,Spain
DECO-ffffffff-bd23-5c19-34ef-800b48f176b8,Denmark
DECO-00000000-4f28-2eba-ffff-ffffc433bc82,Italy
DECO-ffffffff-bc3f-9e3e-ffff-ffffb8ee80e5,Mexico
DECO-00000000-0c5d-72ad-ddf3-35e84c0f53a3,Spain
DECO-00000000-575f-b2ab-ffff-ffff920dec98,United States of America
DECO-ffffffff-b589-0d12-dfb0-979b0033c587,United States of America
DECO-00000000-3017-a3a5-df59-bb2d0033c587,Germany
DECO-ffffffff-832d-d92a-817a-388a3da387e6,Chile
DECO-ffffffff-9064-2f30-ffff-ffffb862428b,France
DECO-ffffffff-9700-7a7c-e263-f745125b556d,Italy
DECO-ffffffff-843e-b502-d0e2-56580033c587,Italy
DECO-ffffffff-d2e5-814e-ffff-ffffa24eaa8a,Canada
DECO-ffffffff-acbf-1b41-ffff-ffff91a2d038,Switzerland
DECO-00000000-61ba-844d-93f4-fc0908cfa704,Italy
DECO-ffffffff-dba1-c8b5-ffff-ffffb5ed29d5,Russia
DECO-ffffffff-eebe-c764-0033-c5870033c587,United States of America
DECO-00000000-0dae-c97e-447d-e42e55645c7f,119454
DECO-00000000-65ee-408b-f430-982922bc51b0,Spain
DECO-00000000-40a0-67d4-ffff-ffffdae6520e,France
DECO-00000000-7504-d13c-87c8-1b355001532c,United States of America
DECO-ffffffff-c1b3-5501-68ca-e7ec0587b1c8,Spain
DECO-ffffffff-84df-b407-ffff-ffffeae9b343,United Kingdom
DECO-00000000-0cf8-e940-ffff-ffff80901b3f,119454
DECO-00000000-358d-3e23-ffff-ffffa60a1785,Italy
DECO-00000000-1d50-2942-ffff-ffffb704ae4c,Germany
DECO-ffffffff-de84-406d-0033-c5870033c587,Spain
DECO-00000000-446f-c514-ffff-ffffdc568724,Italy
DECO-ffffffff-d19a-5435-ffff-ffffaf4b2423,Canada
DECO-ffffffff-d021-b433-ffff-ffffd44d78f3,Argentina
DECO-00000000-70db-5c5d-ffff-ffffc44db9f7,Canada
DECO-00000000-6ce4-3132-ffff-ffffa1995cad,Italy
DECO-00000000-77b3-a31b-de62-d4bf0033c587,Canada
DECO-ffffffff-9240-a11c-0033-c5870033c587,Austria
DECO-ffffffff-9877-4454-ffff-ffffb4cd8564,Italy
DECO-00000000-0c59-53bc-ce12-1db766f8a203,Italy
DECO-00000000-4cb4-6fec-ea56-b62e2ee10401,Netherlands
DECO-00000000-3d3f-1b58-2315-6aad0033c587,Italy
DECO-00000000-45f3-581b-ffff-fffffec85888,Spain
DECO-00000000-587c-29dd-ffff-ffff8da91209,Italy
DECO-ffffffff-e525-af11-ffff-ffff830dff73,Argentina
DECO-00000000-1f90-5071-ffff-ffffa50ae2d1,Italy
DECO-00000000-557b-44c7-bd9b-72b04275ed8e,Netherlands
DECO-00000000-5217-44f5-ffff-ffff822498d8,India
DECO-ffffffff-a5c3-7976-2946-078f2a5e501c,Italy
DECO-ffffffff-ab10-f285-ffff-ffffb34d7ca1,Italy
DECO-ffffffff-d7f0-d9b3-ffff-ffffb22fed39,681010
DECO-00000000-3be9-2844-a602-017c00000000,United States of America
DECO-00000000-15ea-6bce-ffff-fffff38d6971,Italy
DECO-ffffffff-e106-75a4-ffff-ffffd13bb1f8,Germany
DECO-ffffffff-e085-4cfe-ffff-ffffb586cfd7,Belgium
DECO-00000000-2765-8f05-170c-59b732371b01,United States of America
DECO-00000000-0c4a-874d-ffff-ffff8a28bf1a,Spain
DECO-00000000-3c27-da82-6b27-a47162cd830f,United States of America
DECO-00000000-11cd-5e78-ffff-ffffa99c3996,Bolivia
DECO-00000000-6970-7e5c-e29f-78ea0033c587,United States of America
DECO-00000000-077d-9b33-7f81-2aa411fc525e,633281
DECO-00000000-5109-6d51-8ed1-b9bd0033c587,Italy
DECO-00000000-50e1-a2d3-2936-6b350033c587,Spain
DECO-ffffffff-fe2a-f1b7-ffff-ffffc4f4391e,Germany
DECO-00000000-7ca1-010e-ffff-ffff85e51f17,Mexico
DECO-00000000-1ab3-ab1b-ebf8-2e0b05bdc6ba,France
DECO-ffffffff-8aa7-5f81-ffff-ffffdae1e803,United Kingdom
DECO-ffffffff-ae92-ea36-80ff-7e9d2e410d68,Netherlands
DECO-ffffffff-db5a-bc9a-ffff-ffffd24e5648,Italy
DECO-ffffffff-b90a-503f-7d5e-64600033c587,Finland
DECO-00000000-6750-b26b-ffff-fffff5e04986,United States of America
DECO-ffffffff-c557-6621-ffff-ffffe13cd829,ROC
DECO-ffffffff-cfe3-f33e-b6d8-4ccb683a60b5,Australia
DECO-00000000-5eff-ef34-73ed-2a871c04562d,United Kingdom
DECO-ffffffff-c2da-d5e5-df06-74250eb8950c,Peru
DECO-ffffffff-bafa-1890-b900-5e716e0df209,Spain
DECO-ffffffff-f0e5-6a8e-ffff-ffffebbd96ee,Sweden
DECO-00000000-40d1-8b63-ffff-ffffa1188af1,Italy
DECO-00000000-1dab-e7b3-9c0f-87732f25cda0,United States of America
DECO-ffffffff-bbeb-5a4e-ffff-fffffe2d6fc4,Colombia
DECO-ffffffff-d856-9de5-798b-e70d6dfa954d,United States of America
DECO-00000000-5c84-f76b-ffff-ffffa755de1a,Ireland
DECO-00000000-0b48-3b4a-ffff-ffffcd106159,France
DECO-00000000-19ee-c444-ffff-ffffe835e858,Finland
DECO-ffffffff-f0d1-18a3-8f89-dabf240101ca,Serbia
DECO-ffffffff-8268-9bb1-75e3-f4da3dd61ebb,Italy
DECO-00000000-339d-7a11-565a-c3892da32847,Turkey
DECO-00000000-2a25-c82e-2298-73a83255927a,Colombia
DECO-00000000-2f12-af8e-dd4a-84d3796d6450,United States of America
DECO-00000000-7929-25f1-ffff-ffff95ba5b3c,United States of America
DECO-ffffffff-99d1-2001-3da0-59780033c587,France
DECO-00000000-7f08-fc51-8ff8-0b7e0033c587,Italy
DECO-ffffffff-d77b-3900-ffff-fffff069ddd5,United States of America
DECO-00000000-6166-1cbd-ffff-ffffb2d4e7da,Mexico
DECO-ffffffff-915e-7387-ffff-ffffb2733d1d,Italy
DECO-00000000-610d-21e7-58cc-e89d5dc614ce,Italy
DECO-00000000-031b-4531-a615-8d7600000000,United States of America
DECO-ffffffff-82c6-8101-4d92-802b0033c587,Italy
DECO-00000000-2293-f55e-e8c8-02d40bd0d504,Bolivia
DECO-ffffffff-934a-4237-89db-0fa50033c587,Italy
DECO-ffffffff-fa53-171c-609e-43401ab80686,Mexico
DECO-00000000-1715-221b-ffff-ffffd61d4796,Mexico
DECO-ffffffff-f61d-6429-2b45-87950033c587,Switzerland
DECO-ffffffff-b70b-d435-ffff-ffff81d2e2e2,Spain
DECO-ffffffff-f9ea-6bd0-6173-9611681d1c32,Finland
DECO-ffffffff-da37-1349-74c4-73403b4351cf,141980
DECO-ffffffff-a7a9-91d5-58bf-559374657ca4,United Kingdom
DECO-00000000-6a71-fb39-d5d2-1e1d00000000,United States of America
DECO-00000000-4ff5-819f-ffff-ffffa295ca61,India
DECO-00000000-0c2f-dd2f-ffff-ffffb3a80e93,Poland
DECO-00000000-2322-4520-0984-ad8019999fc2,Mexico
DECO-ffffffff-a328-abaa-2fb0-54aa0033c587,Spain
DECO-00000000-2bc4-851b-ffff-ffffff1cd5b1,Malaysia
DECO-ffffffff-814d-7aed-41b5-218042d8d21f,United States of America
DECO-ffffffff-ffcd-fdaa-ffff-ffff9ba93921,Colombia
DECO-00000000-1d63-4c05-ffff-ffffc9958cf5,190000
DECO-00000000-4f4f-6eef-1b5e-03ba1d356c66,Brazil
DECO-ffffffff-98cf-bf7b-2bf7-2b1a05dcbc67,Italy
DECO-00000000-6e3e-40d0-7782-fff274f1ff46,Italy
DECO-ffffffff-dfe5-eee5-f3c5-997b1edde9e1,Poland
DECO-00000000-6e84-26c6-ffff-fffff90aace1,Italy
DECO-ffffffff-b353-4505-3f04-b58f48cda073,678170
DECO-00000000-11dd-7435-2a3b-07ea67a4cf3e,France
DECO-ffffffff-b1b8-428e-fd0e-03e16ef5d150,Italy
DECO-00000000-288c-4289-ffff-ffffd31aaecc,United States of America
DECO-ffffffff-ad29-b13c-a873-a7934255fade,Spain
DECO-ffffffff-9a94-541b-c756-57f45d07a648,Argentina
DECO-00000000-4364-b432-ffff-ffffb48366e9,190000
DECO-00000000-76a6-2dae-f648-293a0033c587,United States of America
DECO-ffffffff-dba6-be03-ffff-ffffcb1cf1df,D.R.
DECO-00000000-2c18-476b-e742-f2ca1fb3834d,Germany
DECO-00000000-681d-70c9-376b-bd635a19699b,Italy
DECO-00000000-409d-8aaf-ffff-ffffaa292ceb,Spain
DECO-ffffffff-cbac-13c4-ffff-ffffd32ba1f4,Peru
DECO-00000000-5977-c2dc-eb4a-16cc0033c587,Slovakia
DECO-00000000-4dd2-c6a3-0033-c5870033c587,Finland
DECO-ffffffff-c62a-416e-ffff-ffffd70b23e2,Argentina
DECO-ffffffff-b3fc-3c4a-ffff-ffffe46e9239,Italy
DECO-ffffffff-9089-359b-ffff-ffffb0209e9c,France
DECO-ffffffff-e187-c2b1-0033-c5870033c587,France
DECO-ffffffff-87a3-0c93-ffff-ffffa0ec2f76,United Kingdom
DECO-ffffffff-c011-074b-0547-cbae6741097c,United States of America
DECO-ffffffff-d918-6f7c-ffff-ffff9a084560,Brazil
DECO-ffffffff-b465-7e2f-ffff-ffff925a8f7c,United States of America
DECO-00000000-6cbb-942a-42a2-6b510033c587,Slovakia
DECO-ffffffff-ec90-5f02-ffff-ffffc5b2c23d,Germany
DECO-00000000-7b57-61db-b78f-17a60033c587,Italy
DECO-00000000-4958-377d-ffff-ffffe22277b9,Spain
DECO-00000000-2c55-50f4-ffff-ffff9948b912,Italy
DECO-00000000-093d-455e-cc95-232b0033c587,Italy
DECO-00000000-3767-f5b1-1b21-5dc100cd9b82,47
DECO-ffffffff-d034-6435-ffff-ffffaf7f5009,ROC
DECO-00000000-2d25-bf13-ffff-ffff8452a868,France
DECO-00000000-47d3-81c8-ffff-ffff962dc36f,Italy
DECO-00000000-2b37-05c2-c270-ca1258c974fe,United Kingdom
DECO-ffffffff-ab8d-01c7-f2a8-04880033c587,Italy
DECO-00000000-2265-bb29-ffff-ffffadb6eac1,Mexico
DECO-ffffffff-d2af-941b-ffff-fffffc97a3c2,Germany
DECO-ffffffff-d971-e8bb-ffff-ffff9509e20b,Spain
DECO-ffffffff-b545-9d7f-0033-c5870033c587,France
DECO-ffffffff-cfee-3d24-ffff-ffffeb8ab363,United States of America
DECO-ffffffff-df47-40d6-ffff-ffffa7ffdd65,United States of America
DECO-ffffffff-b711-dd70-ffff-ffffc03a3bcc,United States of America
DECO-00000000-5b25-75bd-ffff-ffffad46e0a6,United Kingdom
DECO-00000000-7430-6a2a-6a37-25835185d3cd,France
DECO-ffffffff-c6b6-260b-9c6d-415e0033c587,Syria
DECO-ffffffff-fa9a-0b37-48b4-b2b609a69344,Spain
DECO-00000000-221b-4040-7309-9db0603822f0,Mexico
DECO-ffffffff-8001-ce71-0033-c5870033c587,Canada
DECO-ffffffff-b063-5715-b405-912914f51580,Finland
DECO-ffffffff-8d63-49ce-5775-fdaf79dd83a3,United States of America
DECO-ffffffff-8447-c9cb-9430-cb8570fa555d,South Korea
DECO-00000000-28d9-a633-d2d1-822350e1f1ce,Italy
DECO-ffffffff-b9da-778c-ffff-ffffb7e90c1f,United States of America
DECO-ffffffff-fdc6-c732-0d33-e4430033c587,United Kingdom
DECO-00000000-1a34-e196-51df-c9b00033c587,United States of America
DECO-00000000-2158-743e-a9a7-4c055abe00e0,United States of America
DECO-00000000-104b-ba1e-f0ae-26ae2cc47d91,Italy
DECO-ffffffff-ab2c-ae69-ffff-ffff84d1394b,Brazil
DECO-00000000-27dc-bdac-e29f-e85a0033c587,United States of America
DECO-ffffffff-bda9-a7cc-ffff-ffffe1fd0be9,Spain
DECO-ffffffff-dec4-cf75-ffff-ffffbbfaa866,Netherlands
DECO-00000000-2a26-0b40-5c02-92fe0033c587,Switzerland
DECO-ffffffff-b081-10f0-fddf-60aa0033c587,Australia
DECO-00000000-485e-82c1-ffff-ffff96d3117a,India
DECO-ffffffff-e7d1-6e8b-ffff-ffffa3fc12f7,Uruguay
DECO-00000000-3017-a3a5-ffff-ffffb27de3df,Germany
DECO-ffffffff-a334-4faa-2bc2-d0ed612b4058,Italy
DECO-00000000-38ac-e32c-ffff-ffffb32b89a5,Egypt
DECO-00000000-570e-9862-e63f-71530033c587,Italy
DECO-00000000-6963-9874-dc9d-259c13652f8e,Germany
DECO-ffffffff-ef00-fc71-340e-8369537a6166,Brazil
DECO-ffffffff-8736-58b9-ffff-ffff99280326,Germany
DECO-ffffffff-9ea1-d989-ffff-ffffbc09bf6b,Germany
DECO-ffffffff-8da0-b7be-b073-15080033c587,Italy
DECO-00000000-0e1d-211b-ffff-fffffe6ba969,United States of America
DECO-00000000-4d2f-e03b-ffff-ffffdb4983a2,Italy
DECO-ffffffff-c9d2-4333-ffff-ffffb54b3e68,United States of America
DECO-00000000-480f-d9af-ffff-ffffb9a230d5,Spain
DECO-ffffffff-dc46-3547-4a76-78434c825db8,Chile
DECO-ffffffff-bb4b-106c-228b-32dc1e6c3647,Spain
DECO-00000000-6204-46ea-ffff-ffff9b7502b1,United States of America
DECO-00000000-0453-c24a-d702-31890bf41a1b,Italy
DECO-00000000-00e3-b5f9-d87a-3f8001049d85,United States of America
DECO-00000000-544b-1693-fc6a-91b900000000,Spain
DECO-ffffffff-d837-5372-206d-5b9f0033c587,United States of America
DECO-ffffffff-a15f-75dc-bfeb-676d12fceef5,Italy
DECO-00000000-785e-caaa-ffff-ffffaf204a25,Chile
DECO-ffffffff-8bc0-fc51-d607-a92d7d774704,Italy
DECO-ffffffff-f0c7-9b9d-ffff-fffff2288a74,United Kingdom
DECO-ffffffff-e983-e34e-ffff-ffffce60b1d0,Turkey
DECO-00000000-67d2-02a8-2812-dfda34dd9253,Italy
DECO-00000000-1f16-6775-fbc4-93130033c587,United States of America
DECO-ffffffff-d7af-8666-713e-a50d3c04ced4,Cyprus
DECO-00000000-0d62-113e-59c1-f45878296f82,France
DECO-ffffffff-d569-1322-82eb-c37079aaa80e,Switzerland
DECO-00000000-2fed-260c-ffff-ffff85bc93ce,United Kingdom
DECO-00000000-1944-425b-ffff-ffffd9ebad69,France
DECO-00000000-201b-4224-ffff-ffffaac801fc,Colombia
DECO-00000000-20e3-0f71-ffff-ffffb302f99b,Australia
DECO-ffffffff-a1e0-b002-4b3c-a6c80033c587,United States of America
DECO-00000000-4560-0c95-ffff-ffffc2355dba,Turkey
DECO-00000000-6104-a32f-4df4-6c9b1e9e589f,Argentina
DECO-00000000-45f7-61af-7aa3-290c117ac0c4,Italy
DECO-ffffffff-ba50-465e-464e-e1c9588df306,Italy
DECO-ffffffff-aa25-4f4c-e29f-e85a0033c587,United States of America
DECO-00000000-649f-d169-ffff-ffffc617471e,Spain
DECO-ffffffff-cfb0-abfc-ffff-ffff9c414c0a,United States of America
DECO-00000000-600f-d463-ffff-ffffa728865f,Spain
DECO-00000000-5b97-69f3-3695-860d32b28dd2,Spain
DECO-ffffffff-a914-1556-c37d-2c4969804891,Switzerland
DECO-ffffffff-d4eb-a1f9-ffff-ffff8eeae5e2,United States of America
DECO-ffffffff-e8d7-a708-e1ef-7de33d46fad9,United States of America
DECO-ffffffff-9ace-fd63-ffff-ffffc54f5703,Italy
DECO-ffffffff-a1e5-40d4-9111-265954180af5,Italy
DECO-ffffffff-fecb-b114-5108-a5075834e707,France
DECO-00000000-6d96-d381-cb9a-fc641890bc93,India
DECO-ffffffff-8a0d-6af6-ffff-ffffc1207fef,United States of America
DECO-ffffffff-d551-6be8-ffff-ffffb39d9156,Denmark
DECO-00000000-59f9-1c51-3f34-89aa0033c587,Canada
DECO-ffffffff-d788-c70e-ffff-ffff8cc98363,Mexico
DECO-00000000-0595-50eb-3384-83aa28a57c4d,355005
DECO-00000000-2235-21cc-d0c1-44fd40d3f71c,D.R.
DECO-00000000-0047-6330-02b2-16500033c587,Venezuela
DECO-00000000-0b56-4cd6-ffff-ffffcc52d08e,France
DECO-00000000-4f33-f1ed-f461-526a4eca4a3e,Italy
DECO-00000000-25fd-af9a-852e-33cd099c0bae,Argentina
DECO-00000000-3544-02f0-a877-693202e56ce2,India
DECO-ffffffff-907a-fdd1-ffff-ffffdbc2e2a6,Chile
DECO-ffffffff-cb67-1728-9c73-d4727aeb89cd,Italy
DECO-00000000-5942-e7d6-ac17-3e21287ed178,Kenya
DECO-00000000-3f79-ed1a-ffff-ffff919cb0e1,Portugal
DECO-00000000-00bc-3ad3-ecec-9db361f9a64d,Italy
DECO-ffffffff-c8b0-1156-ffff-ffff918a836d,Italy
DECO-00000000-4da5-84d6-ffff-fffff2297bb4,Spain
DECO-ffffffff-b6ce-e53d-88d4-ab206cf0b80d,Brazil
DECO-ffffffff-c409-b120-ffff-fffffb44ab18,United States of America
DECO-00000000-66fc-df55-ffff-ffff8932c6aa,Brazil
DECO-ffffffff-98f9-7b4a-ffff-ffffed2ffa76,Belgium
DECO-ffffffff-8a69-42ff-ffff-ffffeb74ca25,France
DECO-00000000-65d2-f997-ffff-ffffc4854123,Italy
DECO-ffffffff-9877-4454-ffff-fffff005ea6a,Italy
DECO-00000000-3126-b7f4-ffff-ffffc712059f,United States of America
DECO-00000000-5afe-2da9-ffff-ffffebc971b7,United States of America
DECO-ffffffff-bfa3-b5f1-ffff-ffffff9d6850,Uruguay
DECO-00000000-15b9-6437-ffff-ffffcf0534a8,Iran
DECO-ffffffff-8b9b-e817-ffff-ffffb4ae06a3,Sweden
DECO-ffffffff-d772-b8fd-5d56-ee790033c587,Germany
DECO-ffffffff-d94a-0b9a-ffff-ffffa626faeb,Poland
DECO-00000000-2fee-1135-ffff-fffff74fb9cd,Italy
DECO-00000000-5648-e1af-b1e4-3d4c0033c587,Italy
DECO-00000000-434d-7a6d-2e7d-ff130140009c,India
DECO-ffffffff-bd6f-e5fb-842b-56b10033c587,Norway
DECO-ffffffff-9baf-749e-1fe4-e0610033c587,119454
DECO-ffffffff-eb92-d7dc-ce75-a4285f7310b1,United Kingdom
DECO-ffffffff-8724-d892-5efe-f6326091a10e,United Kingdom
DECO-00000000-7462-af4e-3213-418e641af0d8,353717
DECO-ffffffff-c8f1-aa38-ffff-ffff9ec69fb0,Iceland
DECO-ffffffff-d016-2264-ffff-ffffd2556d1b,Germany
DECO-00000000-1f32-108c-ffff-fffffc51e115,Italy
DECO-ffffffff-df0c-4777-ea66-c2a6253dd87b,France
DECO-ffffffff-b515-8f73-ffff-ffffd30a750a,Mexico
DECO-00000000-6ae3-e419-ffff-ffffb20d8f72,Italy
DECO-00000000-6ed6-a830-39ae-42bb1d836e42,634000
DECO-ffffffff-caba-ae2f-ffff-ffff83634af0,India
DECO-ffffffff-e0f5-92fc-5dbc-679f562a46cc,Germany
DECO-ffffffff-9eb6-b0bc-ef62-eb8f0033c587,Spain
DECO-ffffffff-c921-ad46-ffff-ffffba63a024,Brazil
DECO-ffffffff-9a4f-0b86-ffff-ffffaf89ec17,United States of America
DECO-ffffffff-aacb-362e-ffff-ffff8756538e,Switzerland
DECO-00000000-77c1-d968-ffff-ffff9c18c54c,United States of America
DECO-ffffffff-9eaf-9658-d0db-466e0033c587,United States of America
DECO-ffffffff-f9eb-0ec8-ffff-ffffe190318d,United Kingdom
DECO-ffffffff-953b-44c7-ffff-fffff250540c,Argentina
DECO-ffffffff-a881-4a37-43aa-76400033c587,Spain
DECO-00000000-4613-200a-9431-246b0033c587,Italy
DECO-ffffffff-df84-4952-ffff-ffff84c98e5f,United States of America
DECO-ffffffff-ba11-029e-7eb4-34b25b7be61a,France
DECO-00000000-1265-54fd-ffff-ffff825680d1,Croatia
DECO-ffffffff-f43f-8771-d5d6-ac5e00000000,United States of America
DECO-ffffffff-a7d2-e663-4964-a18376026b52,United States of America
DECO-00000000-0d0a-2e9d-ffff-ffff83a9ded6,Italy
DECO-00000000-706f-c42b-ffff-ffffa6cdda03,Germany
DECO-00000000-31e8-f17a-489e-a5c861c33edc,119454
DECO-00000000-75fb-85fe-ffff-ffffa51c7b85,United States of America
DECO-00000000-0472-0e5b-0033-c5870033c587,Germany
DECO-00000000-461f-859c-ffff-ffffc611741e,Italy
DECO-ffffffff-8637-7634-5031-9a2b0033c587,Spain
DECO-ffffffff-d430-3e99-ffff-ffff819c4843,Turkey
DECO-ffffffff-9659-8a0c-dc22-1e6a0033c587,United Kingdom
DECO-00000000-62eb-38af-e25f-3dd60690832d,678170
DECO-ffffffff-c614-960a-ffff-ffffedc5d9d7,Italy
DECO-00000000-69cf-d610-ffff-ffffca331927,Netherlands
DECO-00000000-26c7-6927-ffff-ffff826f2e0f,Italy
DECO-ffffffff-bd9b-6239-ffff-ffffb2091971,United Kingdom
DECO-00000000-2f2a-e728-d1f8-c6d60de8854d,Italy
DECO-00000000-2a1d-b92d-a81d-6bc67ac49ae1,Switzerland
DECO-ffffffff-8b0b-cfc1-ffff-ffffc3feb288,Colombia
DECO-ffffffff-abb6-df57-5684-c7d776c468b4,Germany
DECO-ffffffff-8426-0e97-ffff-ffffea585a8b,Turkey
DECO-00000000-0b1a-f0e6-31fb-a03102142318,Colombia
DECO-ffffffff-c0c4-27e8-d9f6-2e0a0033c587,United States of America
DECO-00000000-318a-4cd3-ffff-ffffb2709857,Switzerland
DECO-00000000-7b06-7bbe-ffff-ffffeee3b507,United States of America
DECO-ffffffff-b8df-7de5-1a59-cdd00033c587,United States of America
DECO-ffffffff-da09-2ed3-6c9a-15254e0908cb,Italy
DECO-ffffffff-be54-7555-a45a-9b830dbfc2c4,Poland
DECO-ffffffff-b42f-dd0c-9dee-47a47f1814a6,Spain
DECO-ffffffff-9eaf-9658-d621-b68d0033c587,United States of America
DECO-00000000-6220-26cb-1b5b-f1e327d2089c,India
DECO-ffffffff-f5ed-bf8d-ffff-ffffedfe2d14,Italy
DECO-ffffffff-b2fb-85e4-ffff-ffffef725329,Italy
DECO-ffffffff-c6be-11bb-c1ef-3d4c0033c587,United States of America
DECO-00000000-1662-d6e7-e29f-bcd10033c587,United States of America
DECO-00000000-1485-264a-ffff-ffffda6700dd,Greece
DECO-ffffffff-b0ee-a004-1094-d3ac7ebf2e0a,Italy
DECO-ffffffff-b004-2105-d00b-b56b00000000,Italy
DECO-ffffffff-dc58-7b58-ffff-ffffde893e22,France
DECO-ffffffff-bb20-e7cf-ffff-ffffa2132580,119454
DECO-00000000-521f-cc13-ffff-ffffb8304804,United Kingdom
DECO-ffffffff-c7d8-ec5c-65d7-245f524a7789,United States of America
DECO-ffffffff-aeaf-90cc-ffff-ffffde758bd2,Spain
DECO-00000000-3338-25ce-ffff-ffffebcffe0e,Jordan
DECO-ffffffff-ea4f-4984-4231-75d36145384e,Germany
DECO-00000000-3e14-5e96-ffff-ffffa0f604ff,119454
DECO-00000000-0259-6f86-ffff-ffffbc306752,Italy
DECO-ffffffff-dc92-27e6-ffff-ffffbedf3d91,United States of America
DECO-00000000-1374-f522-ffff-ffffab14ba03,164504
DECO-ffffffff-e9e3-c85e-ffff-ffffbef35711,Italy
DECO-ffffffff-e956-9eed-47b4-7d862d76100f,Greece
DECO-00000000-7e62-253e-ffff-ffffbb2ab718,Spain
DECO-ffffffff-fb3e-f60b-0dcb-1e880033c587,Mexico
DECO-ffffffff-d000-9361-ffff-ffffa0e0df43,United Kingdom
DECO-ffffffff-c556-3f52-ffff-fffff285446c,France
DECO-00000000-4b75-e829-6dac-7ccc3add5f1a,United States of America
DECO-00000000-186f-4c68-ffff-ffffd5f8049a,Canada
DECO-00000000-392f-589a-8b7e-0fe000000000,United States of America
DECO-00000000-0342-ee7f-ffff-ffff8a428aab,Italy
DECO-ffffffff-cf99-e34a-27f7-abf36714214d,Mexico
DECO-ffffffff-8907-dd97-ffff-ffffeb7a20e6,United States of America
DECO-00000000-6017-98dd-c54b-2f230033c587,Italy
DECO-ffffffff-a8c7-a7ac-ffff-ffff80798c24,Germany
DECO-00000000-510f-ad92-ffff-ffff86e61c88,United States of America
DECO-00000000-2e33-ccb2-035f-92b964ed3a08,Canada
DECO-ffffffff-f77d-4aa0-ffff-ffffef31ddd8,Italy
DECO-ffffffff-95e3-6ad5-df4d-8095082d938c,United States of America
DECO-00000000-6366-d9de-ffff-ffff9795f396,Belgium
DECO-00000000-5398-2ecb-ffff-fffffd29c6c5,Italy
DECO-ffffffff-f6e6-6fb7-e11e-19a4725e3f61,China
DECO-00000000-5bb0-4b14-2af2-ccb10033c587,United States of America
DECO-00000000-62b7-f892-0033-c5870033c587,Belgium
DECO-ffffffff-e11c-769e-0033-c5870033c587,Italy
DECO-00000000-25ae-dabd-e806-c91b00000000,Germany
DECO-ffffffff-8635-7ede-38c1-d4ad57cc5241,Argentina
DECO-00000000-2663-323e-ec2b-e0ac0fbb41b9,Italy
DECO-00000000-25fa-5920-74ed-9dac16871505,Spain
DECO-00000000-131b-7b2a-36b4-1cac0033c587,Belgium
DECO-ffffffff-9eaf-9658-ffff-fffffa7111cc,Netherlands
DECO-ffffffff-c76a-daac-ffff-ffffb86d81d4,United States of America
DECO-ffffffff-f47e-5f17-7a5f-5f757afef9b1,Ethiopia
DECO-ffffffff-a03b-4d3b-ffff-ffffd2e07793,Italy
DECO-ffffffff-a1e3-efc7-108f-4255385a01e5,Venezuela
DECO-ffffffff-f44f-3a3f-e6e1-71980033c587,Austria
DECO-ffffffff-badf-e062-ffff-ffffeba8d18d,United Kingdom
DECO-00000000-3a42-1e2b-ffff-ffff8cb0ead9,United Kingdom
DECO-ffffffff-84c2-5db2-8e25-612a58eb754a,United States of America
DECO-00000000-0fad-f612-ffff-ffffdac4401c,119454
DECO-00000000-6b73-8351-1ff2-bec70033c587,119454
DECO-ffffffff-87f0-f753-5287-e61961ef9127,Romania
DECO-ffffffff-c4d5-a0dc-819a-612e1f9bd8fc,Italy
DECO-ffffffff-8bc0-fc51-0033-c5870033c587,Italy
DECO-ffffffff-e7d1-6e8b-a341-98420033c587,Uruguay
DECO-ffffffff-a990-5ca2-ffff-fffff266c215,Austria
DECO-ffffffff-ed5a-1853-ffff-ffff95660b86,Spain
DECO-00000000-2ad2-cfea-ffff-ffff8b2c0218,Mexico
DECO-00000000-3a5a-01f7-b28e-b84f18b07314,Denmark
DECO-00000000-56cf-0137-ffff-ffffb7da1024,Argentina
DECO-ffffffff-b2c9-19bc-efd8-818c1e8f635b,Spain
DECO-ffffffff-e197-3cef-0033-c58700000000,Bolivia
DECO-ffffffff-cbff-0130-d4f7-676325c25a93,Italy
DECO-ffffffff-b821-4db0-ffff-ffff8f87b4f3,Czechia
DECO-00000000-4c51-a9aa-0ed5-54b10033c587,Australia
DECO-00000000-1545-e8f7-ffff-fffffd72f3c7,Egypt
DECO-ffffffff-e6bc-933e-59ae-97926f3ee733,Thailand
DECO-ffffffff-b09d-5425-ffff-fffffad0c7b2,United Kingdom
DECO-ffffffff-cdb8-8d32-9dd6-9f0e4c9d5b35,United States of America
DECO-ffffffff-c418-ac84-0033-c58700000000,United States of America
DECO-ffffffff-8eaa-1fef-867d-51cd01a5374d,Italy
DECO-00000000-7e38-5419-ffff-ffffe8249b21,Turkey
DECO-ffffffff-c878-60af-ce94-7baf079618eb,United Kingdom
DECO-00000000-661f-4249-ffff-ffffdae55e1e,Pakistan
DECO-00000000-7a35-58ac-f8ab-91ec2c3b89e2,France
DECO-ffffffff-ad50-f746-beff-f7893d1fc811,France
DECO-00000000-6e4b-196c-ffff-ffffe84248f3,190000
DECO-ffffffff-9139-37a0-ffff-ffffecdd2ddb,Malaysia
DECO-ffffffff-aea9-3592-ffff-ffff8a8b14f9,Germany
DECO-ffffffff-f99f-8c78-e59c-030e6287d336,Germany
DECO-00000000-3384-46b8-ffff-ffffc87f9197,Italy
DECO-ffffffff-813f-5671-ffff-ffffe119bd8e,Italy
DECO-00000000-11f9-d082-1d72-60aa0033c587,France
DECO-00000000-3c76-96a2-b7d0-0c1a33402f38,Poland
DECO-00000000-7430-6a2a-6a37-25830033c587,France
DECO-00000000-4cd9-5ce0-0033-c5870033c587,United States of America
DECO-ffffffff-8f90-5549-ab95-a1162e0a2741,France
DECO-ffffffff-e44e-087e-5299-4ea14ebbc8d7,Italy
DECO-ffffffff-8925-56a6-0033-c5870033c587,United States of America
DECO-ffffffff-9e21-d6a2-ffff-ffffc79531de,Mexico
DECO-00000000-2d3d-a0c4-2d71-c20e04ff14dc,Spain
DECO-00000000-0033-c587-4689-3f9c0033c587,United States of America
DECO-ffffffff-e357-108d-ffff-ffffa7fa3ac9,Poland
DECO-ffffffff-fedc-5d12-2a6c-47dc0033c587,Italy
DECO-ffffffff-b821-4db0-0033-c5870033c587,Germany
DECO-ffffffff-c87c-9f29-ffff-ffffba0f479e,United States of America
DECO-00000000-0a60-db25-ffff-ffffd253c133,Spain
DECO-00000000-1806-a82e-907b-1437331e1ccb,United States of America
DECO-00000000-6e3e-40d0-0033-c5870033c587,Italy
DECO-ffffffff-e717-68ce-cf4f-ced7434bb490,Brazil
DECO-ffffffff-ee36-d15b-ffff-ffffcdb0be36,Ukraine
DECO-00000000-58eb-3509-ffff-ffffe24c4a0c,Germany
DECO-00000000-5fcb-4498-e477-7f0f0033c587,Spain
DECO-ffffffff-88bc-c6c7-ffff-ffffc7123f2e,United States of America
DECO-ffffffff-c21d-07d1-29aa-994d0033c587,Spain
DECO-ffffffff-da02-be3c-5e33-036c43f584fa,Brazil
DECO-ffffffff-ed1b-0265-63cd-17e252b3467b,Slovakia
DECO-ffffffff-f5f9-4e21-13ad-e7ac16c2cb5e,United States of America
DECO-00000000-4283-0ec5-ffff-ffff87b69364,France
DECO-00000000-7738-5ead-0033-c5870033c587,United States of America
DECO-00000000-6152-c902-92e5-cf740033c587,United States of America
DECO-00000000-6444-6802-ffff-ffffe58dcd89,United Kingdom
DECO-00000000-5af1-7542-478d-eb6515e1bc95,France
DECO-ffffffff-c9b6-4f22-ffff-ffffc987bd5c,Spain
DECO-ffffffff-9828-9ef9-ffff-ffffc1bf86b8,119454
DECO-00000000-0074-26b9-d28b-77746a28043f,456200
DECO-ffffffff-cb9a-a2db-aebd-8e9d0033c587,United States of America
DECO-ffffffff-f321-12d3-0033-c5870033c587,United States of America
DECO-ffffffff-f506-7dd7-ffff-ffff899f873b,Italy
DECO-ffffffff-b49f-920a-ffff-ffffec3dea1a,Spain
DECO-00000000-4041-59ea-a125-243e681b027a,Turkey
DECO-00000000-4a0e-8525-cc5d-df30233b48a9,190000
DECO-ffffffff-c7f5-013d-ffff-ffffbb63b751,United States of America
DECO-ffffffff-95ea-5281-ffff-ffffa2157c41,Colombia
DECO-ffffffff-e4f6-335a-ffff-fffffcf67424,Netherlands
DECO-ffffffff-a5d1-69bd-ffff-ffffd5fedeaf,Italy
DECO-00000000-13f2-94de-ffff-ffffaf9f3ae0,Germany
DECO-00000000-640d-0d19-ffff-fffffefaa82e,United Kingdom
DECO-00000000-29ee-0647-ffff-ffffe1623c6a,Brazil
DECO-ffffffff-cf34-8eaf-ffff-ffffb2b31948,Switzerland
DECO-00000000-5f1c-13ac-1ddc-719941717f13,Germany
DECO-00000000-42c9-2133-05bc-6d9532212101,Spain
DECO-00000000-2c5e-f587-ffff-ffffeac8fa6c,Spain
DECO-ffffffff-e32f-1839-ffff-ffffa22c594f,France
DECO-00000000-5c82-de4f-ffff-ffffb331efd5,Colombia
DECO-00000000-61a5-18fe-6bdc-454e0033c587,France
DECO-ffffffff-a30c-23aa-feeb-636e60446c91,Italy
DECO-00000000-4340-8b40-7c33-b284506e54a1,Iceland
DECO-00000000-7e4a-e7ad-dffc-133d0033c587,United States of America
DECO-ffffffff-a94e-77fc-ffff-ffff9596101a,Ireland
DECO-ffffffff-d0cd-6935-ffff-ffffa2509c65,United States of America
DECO-00000000-68a7-3345-2bad-8d64600b6fdb,Australia
DECO-ffffffff-8997-76e9-ffff-ffffc8d171d8,United States of America
DECO-ffffffff-fc2d-f302-06b0-43140033c587,Algeria
DECO-ffffffff-b241-eb2d-ffff-ffffb34d7ca1,Italy
DECO-00000000-28da-1213-ffff-ffffe383fa3a,Italy
DECO-00000000-6278-0051-ffff-ffffec3c3e5f,Brazil
DECO-ffffffff-af54-03a0-ffff-ffff9013c52b,Spain
DECO-ffffffff-8a4c-6509-5615-d0057ff49a69,Colombia
DECO-ffffffff-b810-562d-6528-e3241cceee08,Germany
DECO-ffffffff-d92a-c830-17a5-4b2c48a0f285,Germany
DECO-00000000-6086-4889-9948-19501087aec5,Czechia
DECO-ffffffff-ec2c-b67f-0dac-a9e549c19efb,United States of America
DECO-ffffffff-c21d-07d1-29aa-994d3b4a89e5,Spain
DECO-00000000-2752-4eef-ffff-ffffe0bfd185,Germany
DECO-ffffffff-be2a-4d35-5ef2-66783b291f70,United States of America
DECO-00000000-4e92-d7b0-804f-96df0033c587,Italy
DECO-00000000-0b48-3b4a-ffff-ffffba46a380,France
DECO-00000000-0475-b940-99c2-307350d913ec,United States of America
DECO-ffffffff-934a-4237-89db-0fa556fd88e5,Italy
DECO-ffffffff-f823-8315-8497-2c470033c587,Slovenia
DECO-ffffffff-9eaf-9658-d0cb-56340033c587,United States of America
DECO-ffffffff-efdc-b9f8-bc03-d04c556ab312,France
DECO-ffffffff-e4ec-0068-ffff-ffffb1128347,Kyrgyzstan
DECO-00000000-3225-176b-f1e7-8f7903e5ebb5,Germany
DECO-00000000-1415-b2d5-ffff-fffffc79e60d,Italy
DECO-ffffffff-fe37-38da-ffff-ffffa470f662,Argentina
DECO-00000000-33bf-61ae-845f-2d3a3a776e94,614067
DECO-00000000-397f-0ce3-3738-3fc971394d1d,India
DECO-00000000-6c95-3e85-51dd-ae244b92b5e7,Germany
DECO-ffffffff-fd3a-91fe-9811-8e0e2248231c,United States of America
DECO-00000000-63de-22fd-23f6-b5835adc25d6,Belgium
DECO-ffffffff-82bc-f1ae-2802-98c90033c587,Spain
DECO-00000000-5eff-ef34-73ed-2a870033c587,United Kingdom
DECO-00000000-2d90-3390-58c7-6fd8502e7631,United States of America
DECO-ffffffff-bb4c-72d2-bdf9-83e818568dd1,Greece
DECO-00000000-2908-9bc5-ffff-fffffafd0680,Spain
DECO-00000000-2810-f44a-ffff-ffff8b8faeef,11502 Costa Rica
DECO-00000000-2126-0a14-f573-107656cdfedc,United States of America
DECO-00000000-4da5-84d6-2049-4c440033c587,Spain
DECO-ffffffff-f8b4-9208-3e57-c77300000000,Italy
DECO-00000000-015b-c94d-cf57-2a9f04b0df24,Poland
DECO-00000000-1b93-8153-ffff-ffffc67a4d4f,United Kingdom
DECO-00000000-405a-8d64-e297-7dcc0033c587,United States of America
DECO-00000000-166c-6aba-ffc1-d43a0033c587,Italy
DECO-00000000-41a6-eafe-ffff-ffffcc036ba2,United States of America
DECO-00000000-778f-3375-ffff-fffff801d6ac,Italy
DECO-ffffffff-9b15-8473-a6ac-be9f720abbff,Australia
DECO-00000000-1bcd-38ce-4bd5-300134a24710,Ireland
DECO-ffffffff-a3e8-11b2-4c32-ab60368376a7,Germany
DECO-ffffffff-b45e-3ab0-0033-c5870033c587,Spain
DECO-ffffffff-a533-badd-48c1-eaf966d3b0e2,Mexico
DECO-00000000-43b1-9300-ffff-ffffb01f4a48,Belgium
DECO-00000000-584a-c0b2-ffff-ffffda2a7401,Turkey
DECO-ffffffff-ff9c-5a13-ffff-fffff6e3f150,Spain
DECO-00000000-29e6-6499-ffff-ffff82bc1412,Indonesia
DECO-00000000-6540-8d4d-b78f-17a60033c587,Italy
DECO-ffffffff-e55c-67c2-a05f-55e7615a69f5,Italy
DECO-ffffffff-b9eb-85aa-ffff-ffffff980117,Peru
DECO-ffffffff-df0c-4777-ea66-c2a60f6ee8ae,France
DECO-ffffffff-9bc2-89df-5d1e-3c8d657c336d,Italy
DECO-ffffffff-94b0-960b-ffff-ffffef0d563f,119454
DECO-00000000-44c4-3d57-ffff-ffff8c517fb5,United States of America
DECO-00000000-623a-5a77-ffff-ffffb4c7b54f,France
DECO-ffffffff-95c6-3196-9e27-239636dd691c,United States of America
DECO-00000000-6fce-77c5-7082-325b4a150596,Greece
DECO-ffffffff-bf55-8a19-ffff-ffffe8f04cb4,9
DECO-ffffffff-9d3b-ffd5-ffff-ffffcb23cabb,Italy
DECO-00000000-2859-5467-4b80-ca4a6f42de0a,Chile
DECO-ffffffff-c60f-57d2-ffff-ffffe450eec8,Italy
DECO-ffffffff-d63a-b84e-ffff-ffffa3ee6aaf,Venezuela
DECO-00000000-259d-b125-f14b-89c85c67700d,Croatia
DECO-00000000-596d-da3f-ffff-ffff89615481,Germany
DECO-ffffffff-cacc-bbc2-ffff-ffffd8ed93cb,Germany
DECO-00000000-619d-6173-3b5c-1f7f2b49e7be,Italy
DECO-00000000-5977-c2dc-eb4a-16cc139c2caf,Slovakia
DECO-ffffffff-ee28-4f44-ffff-ffff9d37017c,Mexico
DECO-ffffffff-a960-af9e-bc63-62db46383f48,France
DECO-00000000-4513-971c-dacc-5e4900000000,Mexico
DECO-00000000-0773-255d-9a81-5bcf1006f9b2,United States of America
DECO-ffffffff-8360-1cc4-ffff-ffff962caa38,119454
DECO-00000000-03e6-2ec9-6a8f-624127044bb1,Sweden
DECO-ffffffff-f82a-5f85-3795-5718514bcb57,Turkey
DECO-ffffffff-c76a-daac-913d-bb8c0033c587,United States of America
DECO-ffffffff-ac43-d51e-7ff1-11b30033c587,Germany
DECO-ffffffff-b777-b112-ffff-ffff86d0b23b,620028
DECO-00000000-4177-99e0-3ce2-91690033c587,Germany
DECO-ffffffff-e72b-f847-3df0-63f636936b43,Australia
DECO-00000000-052b-b753-ffff-ffff9c31be1f,164504
DECO-ffffffff-afde-e1ac-12d6-2bd2731c43b1,Spain
DECO-ffffffff-a5cd-e7d5-ffff-ffffbce59d0c,United Kingdom
DECO-00000000-7b95-debc-39ae-42bb3b3297c1,Israel
DECO-ffffffff-f300-e0e2-0495-de4301b6c42d,Italy
DECO-00000000-0591-173c-4740-a86e41572e05,United Kingdom
DECO-ffffffff-bd79-e453-e29f-bcd10033c587,United States of America
DECO-00000000-2bef-6b70-0033-c5870033c587,Italy
DECO-00000000-7439-af2c-ccbd-f05218df80a6,Italy
DECO-ffffffff-9f8d-1bd2-cd84-443015b2da8f,Italy
DECO-ffffffff-ccd0-2c6c-b71f-2c6748bc668e,Italy
DECO-00000000-4c25-3d27-09d1-1a894e35514a,Argentina
DECO-ffffffff-fc35-6ce6-a5b7-b00861b65008,Italy
DECO-00000000-51ff-9fd3-ffff-ffffe3d27651,United Kingdom
DECO-ffffffff-afe5-4196-4930-a7d012f4d602,Greece
DECO-00000000-494d-c069-828e-ab004841c83d,Spain
DECO-ffffffff-afcb-04fa-fa95-86590033c587,Spain
DECO-ffffffff-f46c-f88a-ffff-ffffda24efc7,Italy
DECO-00000000-09ee-9f9a-ffff-ffffe0e33016,United Kingdom
DECO-ffffffff-9eaf-9658-ffff-ffff9103343d,Australia
DECO-00000000-2ced-e939-0033-c58700000000,Mexico
DECO-00000000-1f93-bdfb-ffff-ffffddfa5ff6,PRC
DECO-00000000-6a1c-2ee9-e603-db4740bc13d5,United Kingdom
DECO-ffffffff-eba3-a1d8-ffff-ffffad713464,Lithuania
DECO-ffffffff-da7e-fc62-ffff-ffffc3f08a4b,Italy
DECO-00000000-01dd-476e-fa6d-511607945595,Portugal
DECO-00000000-093d-455e-cc95-232b6289f8cb,Italy
DECO-ffffffff-a0c3-8a7c-8cb7-32d90033c587,United States of America
DECO-00000000-393e-ed7a-ffff-ffffb570eb6f,United States of America
DECO-00000000-465f-cc90-ffff-ffffc8ed2fcc,Netherlands
DECO-00000000-1a3e-0d5b-ffff-ffffa130e9ba,Belgium
DECO-00000000-18ed-5973-ffff-ffffc7a75269,Denmark
DECO-00000000-4941-2874-ffff-ffff8e7f241f,France
DECO-00000000-0387-c4fd-d593-5c3209b06999,Germany
DECO-ffffffff-a131-95b1-ea65-2273443e2a49,France
DECO-00000000-2dc6-7364-ffff-ffff9a139cfe,Italy
DECO-00000000-7072-d421-ffff-ffff862870d1,United Kingdom
DECO-00000000-131b-7b2a-ffff-ffff8dd1db11,Belgium
DECO-00000000-6769-4236-ffff-ffffc46d6757,Germany
DECO-ffffffff-f6d1-4b77-ffff-ffffe84958b3,Lithuania
DECO-00000000-6701-88b6-bd6e-7e3e3837dd10,United States of America
DECO-ffffffff-bc80-1bd0-e903-12810033c587,Spain
DECO-00000000-2f9d-138e-c0ef-ca280033c587,United States of America
DECO-ffffffff-fc4b-30b0-4480-0c3100000000,Italy
DECO-00000000-7143-0016-8435-58ab2374e447,Brazil
DECO-ffffffff-e10f-12cb-7671-bbf15ba1a916,United Kingdom
DECO-00000000-5126-7e3b-5731-e56f0033c587,United States of America
DECO-00000000-7c84-72e9-e49a-76c205ca4132,Turkey
DECO-00000000-18a4-53ad-ff67-b8ab1e7c788c,633281
DECO-00000000-6206-9000-ab15-7efe1b7ed1ce,Sweden
DECO-00000000-0b8e-7a24-ffff-ffffc4f4c452,United States of America
DECO-ffffffff-b0e8-f873-ffff-ffff81ec85ae,United States of America
DECO-00000000-79e4-5137-0a2b-aab7594170c9,Denmark
DECO-ffffffff-a49b-efbe-5d32-9cb518a366ee,United Kingdom
DECO-00000000-3fd3-bfe9-98fe-b3c30033c587,Bulgaria
DECO-00000000-108c-15a0-ffff-ffff9a89e319,Italy
DECO-ffffffff-ec43-f24d-0033-c5870033c587,Canada
DECO-ffffffff-c797-3d03-a453-8b2d0033c587,Italy
DECO-00000000-421d-77b5-ec88-fa320033c587,United States of America
DECO-ffffffff-d6cd-2f70-8811-8cad30217494,Italy
DECO-00000000-7e6d-fc79-ffff-ffffd533bb9d,Switzerland
DECO-ffffffff-9820-7709-ffff-ffff9707a5aa,France
DECO-ffffffff-ca80-37c3-ffff-ffffb35ba4c4,Italy
DECO-00000000-424d-39f2-ffff-ffffd68bc3de,Spain
DECO-ffffffff-9e94-78d2-ffff-ffff92eca9fa,United States of America
DECO-ffffffff-e3f8-25ba-8bcd-73df446c51e9,Spain
DECO-00000000-2734-5a0a-0033-c5870033c587,United States of America
DECO-ffffffff-b229-ba65-c173-92e548a846bb,Egypt
DECO-00000000-0368-36c9-ffff-ffff9a6acc92,Italy
DECO-ffffffff-8ada-9e9a-ffff-ffffcf04917e,Colombia
DECO-ffffffff-99cb-68af-ffff-ffffab09bf65,Colombia
DECO-ffffffff-fedc-5d12-2a6c-47dc5faed172,Italy
DECO-ffffffff-f16c-e192-ffff-fffff0171414,Italy
DECO-ffffffff-ed7d-149d-5a26-e6153e676ae6,United States of America
DECO-ffffffff-c139-d55f-51c9-56720033c587,United States of America
DECO-00000000-55b9-bbd6-4750-35717845ffda,Mexico
DECO-00000000-6a53-bca7-ffff-fffff19b1202,United States of America
DECO-ffffffff-c2cb-7de9-77c3-1a8f60fe1a41,United States of America
DECO-00000000-0462-4fe5-ffff-ffffa53a8386,Germany
DECO-00000000-275b-cb82-b4ef-b8ae519fdca7,Colombia
DECO-00000000-6da6-567f-ffff-ffffd77af728,United Kingdom
DECO-ffffffff-a4fd-de7f-ffff-ffff83180f74,184682
DECO-00000000-318d-8da3-ffff-ffffd0f98220,United States of America
DECO-ffffffff-86b2-9ffa-ffff-ffffaeed3961,Germany
DECO-ffffffff-bbb8-3f2d-ffff-ffffe80cda6e,Colombia
DECO-ffffffff-f55b-08ee-6e72-6c99562824d5,France
DECO-ffffffff-cc17-0639-ffff-ffffe2bccb41,Chile
DECO-ffffffff-b6f2-8dd9-cf76-ecd50033c587,Netherlands
DECO-ffffffff-a865-875c-ffff-ffff99573b1e,Italy
DECO-00000000-4ea7-db25-e50d-789e0033c587,United States of America
DECO-00000000-6964-fccf-a960-4d7c1905a38a,Denmark
DECO-00000000-7890-ee03-07cf-2b016b9ae274,Peru
DECO-00000000-2c17-3c31-bd55-02cb0033c587,United States of America
DECO-ffffffff-8830-cbdb-81f1-64d325da23bb,Italy
DECO-ffffffff-9066-5c7a-1ed8-1bc60033c587,Italy
DECO-00000000-6193-3538-ffff-fffff3d1ea0c,Spain
DECO-00000000-46f5-8ceb-fd9b-83e5424c971d,India
DECO-00000000-064b-1118-ffff-ffffa1c4ec9d,United States of America
DECO-00000000-7f1b-c933-c580-10a076dd400c,Chile
DECO-ffffffff-cc3f-cb76-37b9-ba360de48e60,241050
DECO-ffffffff-911b-a6cb-ffff-ffffa2d91689,Colombia
DECO-00000000-4b5d-f3a2-a422-04a40033c587,Canada
DECO-ffffffff-a762-7c6c-ffff-ffffa4d4cab7,China
DECO-00000000-5c08-36f6-f77f-69d7037602ce,Chile
DECO-ffffffff-cba6-9a76-0033-c58700000000,Spain
DECO-00000000-77b2-5603-ffff-ffffc4ea9eec,Spain
DECO-ffffffff-fa31-3b1a-b2a4-66ec0033c587,Switzerland
DECO-00000000-6ad5-70ee-ffff-ffffabe5d7e5,Italy
DECO-ffffffff-9d00-5f7b-6439-e8eb0033c587,Germany
DECO-00000000-6dc6-943a-ffff-ffffbd9805bf,Austria
DECO-00000000-4232-dfb0-4bad-2de240ae65e2,United States of America
DECO-ffffffff-9b00-8629-b69e-d04c337547c9,United States of America
DECO-ffffffff-d784-76e1-ffff-ffffc0077e3f,Malaysia
DECO-ffffffff-fb34-1419-2195-d70700000000,United States of America
DECO-00000000-0d18-d8e7-f406-8a33679059ad,Belgium
DECO-ffffffff-cfe8-a0e8-91bb-b95a6ff7b7f0,Germany
DECO-ffffffff-c402-1bff-ffff-ffffeb8765d2,Italy
DECO-ffffffff-a687-c2da-ffff-ffffe4347f7d,Germany
DECO-00000000-35f3-ebd3-113f-1c7122b8e46d,Panama
DECO-00000000-304a-75d1-6f9d-784d26a69a97,Italy
DECO-00000000-5886-2ead-ffff-ffff8c4f6885,Ukraine
DECO-00000000-4f47-96fa-d701-682f45e38484,Canada
DECO-ffffffff-8d2a-d082-677d-5a9b01a4c192,United Kingdom
DECO-00000000-0067-cafb-8689-dabd40678d3c,Norway
DECO-ffffffff-b0b9-9627-ae9d-8132712c832c,Mexico
DECO-ffffffff-87ea-828c-0033-c58700000000,Poland
DECO-00000000-0562-8fea-aaad-0fa22aa3691b,United Kingdom
DECO-00000000-63c0-1775-20df-85327e7b6e28,Finland
DECO-ffffffff-dc12-5583-ada2-1e310033c587,United States of America
DECO-ffffffff-b4f6-16b6-430a-dcee22cba78f,Spain
DECO-00000000-1dc2-6c65-15fd-7e0576aa79a1,Australia
DECO-00000000-6285-f981-df40-27b70033c587,United States of America
DECO-00000000-5a2d-8c00-ffff-ffffa9fedbb6,None
DECO-00000000-69cc-98ff-ffff-ffff8289dd40,United States of America
DECO-ffffffff-8b26-d9e0-1e81-8f9f002d3daf,United States of America
DECO-ffffffff-b8f2-c66a-ffff-fffff13b0145,Spain
DECO-00000000-52a8-f0d1-6ed8-af0412753705,France
DECO-ffffffff-d4d2-0189-af3f-1817656a7bbf,Poland
DECO-ffffffff-b904-8299-9bd5-f99971daeb11,678170
DECO-ffffffff-e647-55ca-e753-abb34d395b96,Mexico
DECO-00000000-57e6-6e48-bd99-6ab30033c587,Belgium
DECO-00000000-22f2-2f45-6e77-6abd78f7ba6b,United States of America
DECO-00000000-457e-2543-ffff-ffffa0de8780,Austria
DECO-00000000-331f-3ecb-ffff-ffff824c064e,Switzerland
DECO-00000000-499f-c2f5-ffff-ffffe2587730,India
DECO-00000000-596d-da3f-a138-d0360033c587,Germany
DECO-00000000-51b2-149e-c2de-40690033c587,Turkey
DECO-00000000-558e-e6aa-ad23-abf31b85fbb4,United States of America
DECO-ffffffff-9dce-2256-ffff-ffffcacdc20c,119454
DECO-ffffffff-8ff3-5c8f-ebe8-ff7432a31ca7,344092
DECO-ffffffff-fa41-e700-07d8-56c8334693f7,Belgium
DECO-ffffffff-b1b4-32c0-0033-c5870033c587,France
DECO-00000000-5e3e-bfc6-f445-bde72cb6518e,United Kingdom
DECO-00000000-7f0c-dea2-e16e-03d661aca661,Mexico
DECO-ffffffff-f39f-524d-ad00-ca6f1237c76a,France
DECO-00000000-0ca2-78b1-06b0-43140033c587,Algeria
DECO-ffffffff-ba87-3de1-bc1c-f5230033c587,Italy
DECO-ffffffff-a2b5-ae75-ffff-ffffb39328a3,Israel
DECO-00000000-2635-3097-ffff-ffffc0aa2f7a,Germany
DECO-00000000-0cfb-15a4-4cfc-a3460033c587,Canada
DECO-00000000-1c53-f739-ffff-ffffaeeecde5,Netherlands
DECO-00000000-7aa0-58c9-03a5-78dd0033c587,Italy
DECO-ffffffff-ad7c-9e4d-8a74-2ea766ffa14d,United Kingdom
DECO-ffffffff-a51e-c6d6-ffff-ffff97eb574c,United States of America
DECO-ffffffff-dc0b-543e-cdf8-419a6be6d9a4,India
DECO-00000000-7fac-2ba7-246c-d14a6649c37d,Spain
DECO-ffffffff-fe94-12c0-ae82-6e170033c587,Italy
DECO-ffffffff-d218-a8e9-9283-a3ac55e8cd29,Mexico
DECO-00000000-741c-c605-0622-a60e46ab1a0e,Spain
DECO-00000000-30b6-c07e-40a2-53d212abe5d5,United States of America
DECO-ffffffff-981f-422e-2e2c-0dc80033c587,Argentina
DECO-ffffffff-b0ee-a004-1094-d3ac0033c587,Italy
DECO-00000000-08d9-84b1-ffff-ffffdb80b111,394018
DECO-ffffffff-d589-c0a7-ffff-ffff8d7c3242,Spain
DECO-ffffffff-d272-c715-62bd-4cdf0033c587,United States of America
DECO-00000000-57a6-8cba-ffff-ffff9922ed84,Iran
DECO-ffffffff-f204-07b7-b582-f94d0033c587,United States of America
DECO-00000000-7f71-62fb-0033-c5870033c587,United States of America
DECO-ffffffff-f352-884b-bf46-170f0969833b,United Kingdom
DECO-00000000-6580-33f2-ffff-ffff9e712019,Ukraine
DECO-ffffffff-bf01-0ae7-0033-c5870033c587,Germany
DECO-ffffffff-f5d5-340e-392f-27723534b0ee,Germany
DECO-00000000-486e-e3a1-25b9-cdbd3da75cc0,PRC
DECO-00000000-1dad-0f0b-a546-dbbd59a92517,United Kingdom
DECO-00000000-3292-f9f9-ffff-ffffa307d201,United Kingdom
DECO-00000000-2505-c922-88ed-c76d5514e0ac,Germany
DECO-ffffffff-e3d5-39f7-e98d-a52724510a7d,United Kingdom
DECO-ffffffff-87eb-9aef-ffff-ffff9cc4d8f0,603162
DECO-00000000-7b4e-81d5-0b61-f17e3ddd021b,Spain
DECO-00000000-4a65-3f1d-87ad-f9655659ff83,United States of America
DECO-ffffffff-b449-a86c-ffff-ffff9293c2c2,Italy
DECO-ffffffff-a1cb-19a0-ffff-ffff9736b9db,France
DECO-00000000-100b-7278-ffff-ffffb1005adf,France
DECO-ffffffff-b7a8-1d5c-ee79-83286bc3a765,Italy
DECO-00000000-4e43-cc82-ffff-ffffb27cab5f,394018
DECO-00000000-4ad9-403d-91a3-d362327ea8b3,United Kingdom
DECO-ffffffff-a524-d0d6-ffff-ffff9d133299,Brazil
DECO-00000000-2ebf-c6ed-ffff-ffffc326d55c,France
DECO-ffffffff-9b52-62bc-ffff-ffffe592984c,Italy
DECO-ffffffff-f71c-8a09-ffff-ffffe06dfeb6,Brazil
DECO-ffffffff-e769-d86a-ffff-ffffff755f05,Italy
DECO-ffffffff-983c-f580-d8c7-9717767d4fd7,Brazil
DECO-00000000-5079-7f66-f906-1dbc7ef55055,United States of America
DECO-ffffffff-c348-cb68-ffff-fffffae80219,Italy
DECO-ffffffff-f5d8-def3-ee30-cf4f462e92ce,Bolivia
DECO-ffffffff-ab79-61e5-e29f-bcd10033c587,United States of America
DECO-00000000-07ea-6be2-ffff-ffffc3fbb15c,Italy
DECO-ffffffff-8768-d53e-ffff-ffffc3109367,France
DECO-ffffffff-95f6-c65e-ffff-ffffa2d6618c,Germany
DECO-00000000-7075-a187-0326-0e194efc63d2,Germany
DECO-00000000-661a-6f7c-ffff-fffff7306f73,Italy
DECO-00000000-19da-2cc7-3645-747d0033c587,119454
DECO-00000000-4d49-1481-ffff-ffffd7cc6492,Ukraine
DECO-00000000-020f-8e24-e5c7-220b7e767292,Switzerland
DECO-00000000-2f90-0722-0033-c5870033c587,Australia
DECO-ffffffff-b4f6-16b6-430a-dcee0033c587,Spain
DECO-ffffffff-81e7-6392-1ca3-cbea3eeab97c,United States of America
DECO-ffffffff-c54b-05a3-ffff-ffff9de2d331,United States of America
DECO-ffffffff-980a-0d5b-ffff-ffffe7647913,France
DECO-00000000-5acf-bb59-e06f-21df73da0e8d,United States of America
DECO-00000000-2d3d-a0c4-2d71-c20e0033c587,Spain
DECO-00000000-449c-6312-bd68-a0686410e2a5,India
DECO-ffffffff-ed4c-6ff0-3ec9-eaa00033c587,Denmark
DECO-ffffffff-cf81-94a4-fd7b-795479621a4e,603162
DECO-00000000-63bf-cb0b-ffff-fffff2b067fc,119454
DECO-ffffffff-b8df-7de5-ffff-ffffe79efdc3,United States of America
DECO-00000000-7826-dc17-ffff-ffffb34366b2,United States of America
DECO-ffffffff-b484-ee52-2a0b-76c774cdd4a7,Spain
DECO-00000000-5f9b-0c06-6d93-1cd06cfdd01a,Brazil
DECO-00000000-60b8-205c-5885-91843a633b89,Spain
DECO-ffffffff-fd22-0398-ffff-ffffed80b7aa,Italy
DECO-ffffffff-9b2d-8895-9046-801334cc722d,Ukraine
DECO-ffffffff-bd23-5c19-34ef-800b0033c587,Denmark
DECO-00000000-058e-f7c2-a12a-bbd30033c587,Italy
DECO-ffffffff-e274-f91a-93ec-b5e362821856,United States of America
DECO-ffffffff-b78f-6a3e-d45f-24ad6dec4212,PRC
DECO-ffffffff-9815-0408-ffff-ffffd4ba1c5c,Canada
DECO-00000000-1994-13fa-ffff-ffff900ec1b7,164504
DECO-ffffffff-ba07-22ee-0033-c58700000000,Australia
DECO-ffffffff-c894-9cc0-de9e-7d845fb715fe,Germany
DECO-ffffffff-8fc8-98eb-ffff-ffffaa0f3983,United States of America
DECO-00000000-75fa-d5a6-2728-e1a44bd9bc72,India
DECO-00000000-15f4-7c58-5332-66681003a623,United Kingdom
DECO-ffffffff-85e3-b427-9611-987d0033c587,United States of America
DECO-00000000-3fa0-8cca-c69b-7278235d9a95,614067
DECO-ffffffff-f9b7-37ce-9a8e-7c120033c587,United Kingdom
DECO-00000000-6c68-c0b2-ffff-ffffbb9b1c6e,United States of America
DECO-ffffffff-9c59-062c-95e4-54c94c9d8733,Spain
DECO-00000000-7158-2b99-c0a0-a9cc0033c587,United States of America
DECO-ffffffff-f4bf-b543-0944-952f501208bb,United States of America
DECO-00000000-3dc1-8524-e824-a26c0033c587,Spain
DECO-ffffffff-fc4f-f113-517c-03ac452fe735,Italy
DECO-ffffffff-c58b-ae45-ffff-ffffee27a5d3,Australia
DECO-ffffffff-b8d5-5f2e-ffff-ffff8ec9625a,603162
DECO-ffffffff-8e9f-59f3-fe8c-d2a7485ede41,Brazil
DECO-00000000-5705-b7a9-ffff-ffff92c10db5,Germany
DECO-ffffffff-ecdd-64fc-e610-c81e70e32cdc,United States of America
DECO-ffffffff-9ccc-fb86-1b7d-e5937f1ebcc9,Spain
DECO-00000000-106c-96b1-ffff-fffffb999348,Canada
DECO-00000000-6cee-f75a-690d-2cb579f59325,Chile
DECO-00000000-0882-5971-ffff-ffff948c5cfe,United Kingdom
DECO-ffffffff-ace2-61dc-5586-12a60033c587,United States of America
DECO-00000000-7edc-aa39-ffff-ffffd9b2d301,Germany
DECO-ffffffff-bc22-bf39-ffff-ffff90c03765,Poland
DECO-ffffffff-a10b-1d03-ffff-ffff931570eb,United States of America
DECO-ffffffff-d523-2d2c-ffff-ffffd9c22230,Uruguay
DECO-ffffffff-c2cb-7de9-77c3-1a8f0033c587,United States of America
DECO-ffffffff-9578-3421-ffff-ffffb6ccb46d,Belgium
DECO-00000000-4e89-e1ad-e95d-a7c253efb225,Sweden
DECO-00000000-0fd7-804b-ffff-ffffd82aa7e0,PRC
DECO-00000000-3a35-4730-ffff-ffffdd3d7cdf,Switzerland
DECO-00000000-5e04-07ba-e10a-b1302a353835,Malaysia
DECO-ffffffff-8a64-5e24-108f-4255385a01e5,Venezuela
DECO-00000000-2b1d-d79f-0033-c5870033c587,United Kingdom
DECO-00000000-6f19-5284-8ccb-9f9c058b848f,United States of America
DECO-00000000-03e4-2996-6206-804a0bfc23bc,427621
DECO-ffffffff-f375-92ea-1a59-cdd00033c587,United States of America
DECO-ffffffff-a726-0097-ffff-ffffbf131fdf,United Kingdom
DECO-ffffffff-a538-eee6-ffff-ffffb23abcec,Italy
DECO-00000000-4a74-1109-3aa4-89f070bdc8d9,Spain
DECO-ffffffff-c75d-888f-ffff-ffffa7470972,Italy
DECO-00000000-42f5-6c0b-7a13-3c94471fb4ba,Bulgaria
DECO-ffffffff-e2e6-a8bc-ffff-fffff63f34d1,Italy
DECO-00000000-2235-6950-e437-ed9f332f4f18,Italy
DECO-ffffffff-c345-b63f-a9a7-4c055abe00e0,United States of America
DECO-ffffffff-a328-abaa-2fb0-54aa2d159393,Spain
DECO-00000000-22cd-fa73-5347-4e53616e5582,Germany
DECO-ffffffff-82cf-7e30-ffff-ffff9b6d6d90,France
DECO-00000000-528e-9f0b-ffff-ffff9ad3c9f4,Czechia
DECO-ffffffff-bb16-aa32-ffff-ffffd9e29b7f,Ukraine
DECO-00000000-2eb6-409d-b216-e0701effc3d9,31
DECO-00000000-55f8-d313-8d95-725a1cb581ca,United States of America
DECO-ffffffff-dae0-05df-c7b5-7071678d2154,Ukraine
DECO-00000000-0ad2-0dfc-ffff-ffff80798c24,Germany
DECO-00000000-1ec2-b045-ffff-ffffd69a5d48,India
DECO-ffffffff-80f6-8b2f-cdb4-6610001d1fa8,Italy
DECO-ffffffff-f755-b190-ffff-ffffb68b1a10,Finland
DECO-ffffffff-b4a4-c597-2a40-f2590033c587,Spain
DECO-ffffffff-d42e-96ad-ffff-ffffcd13ca5e,Austria
DECO-ffffffff-d34b-3c85-ec4b-600f73d718ae,Italy
DECO-00000000-7fda-caf7-2123-f7da0033c587,United States of America
DECO-ffffffff-da23-bc04-8c83-dbc5249b6c26,United Arab Emirates
DECO-00000000-538d-fe9d-ffff-ffffee1d332d,Italy
DECO-00000000-6cc3-f988-ffff-ffff850857f1,United States of America
DECO-ffffffff-d7f4-2d6a-ffff-ffffb216f965,United Kingdom
DECO-00000000-518d-3d6e-ffff-ffffbc195dd2,Sweden
DECO-ffffffff-dc75-658e-3052-08a942442387,United States of America
DECO-ffffffff-bb9b-1bf4-0033-c5870033c587,Italy
DECO-00000000-03f7-84a3-ffff-ffffa33cbc90,Italy
DECO-ffffffff-b9b1-322f-ffff-ffffcccbeb2b,United States of America
DECO-ffffffff-fc2d-f302-ffff-ffffdcf252d8,Algeria
DECO-ffffffff-9d37-45f0-100c-fb5677274010,Norway
DECO-00000000-450a-7561-433f-0516209b4922,United States of America
DECO-00000000-06b5-f140-638c-d1e92c34cda8,Poland
DECO-ffffffff-e4c6-fcb7-ffff-ffffe2e7a178,Italy
DECO-ffffffff-adc2-bb06-ffff-ffffa804dfb8,France
DECO-00000000-09a0-b495-ffff-ffffbbd17437,Mexico
DECO-ffffffff-e3b4-e264-ffff-ffffc13b6ed8,Spain
DECO-ffffffff-ebce-1d1a-8fc7-d0a665858fe5,Switzerland
DECO-00000000-2e30-f5bd-ffff-ffffa33c504f,Canada
DECO-ffffffff-a110-84cd-0033-c5870033c587,United Kingdom
DECO-ffffffff-f498-02b4-ffff-ffffdab19973,Italy
DECO-ffffffff-e86c-66e8-ffff-fffff70bc3de,United States of America
DECO-00000000-6291-fd86-ffff-ffff9956e562,Chile
DECO-00000000-1600-5ad7-a507-4aed37ac80d7,United States of America
DECO-ffffffff-bcf4-ff81-ffff-ffffd638855a,Germany
DECO-00000000-342c-cfec-ffff-ffffa3f5f146,Indonesia
DECO-ffffffff-ba07-22ee-0033-c5870033c587,Australia
DECO-ffffffff-97b0-fa47-867f-d09c68a67226,United States of America
DECO-ffffffff-fbed-1589-e29f-78ea0033c587,United States of America
DECO-ffffffff-e54a-0511-55de-65050033c587,Tunisia
DECO-ffffffff-b899-9e48-ffff-ffff92b4d84c,Austria
DECO-ffffffff-9064-2f30-32b3-665e0033c587,France
DECO-00000000-3225-176b-0033-c5870033c587,Germany
DECO-ffffffff-9e64-102c-ffff-ffffc107f3e5,Germany
DECO-ffffffff-f678-0156-ffff-fffff5c2ab6e,United States of America
DECO-00000000-741b-f15b-ffff-fffffcceee73,Italy
DECO-ffffffff-80e0-7ad8-ffff-ffffc7230403,United States of America
DECO-ffffffff-e0b4-a4d2-2e5f-fb157774933e,Italy
DECO-ffffffff-d0f1-3c5e-954b-74770033c587,Sweden
DECO-00000000-3765-2b62-ffff-fffff4a8504a,United States of America
DECO-ffffffff-9c20-a257-5a80-a179386229ec,Israel
DECO-ffffffff-b419-ee36-8154-9091445e3101,United Kingdom
DECO-00000000-45ab-51ff-433e-84e10033c587,United States of America
DECO-ffffffff-d70b-dad9-170d-ed532b44999d,Colombia
DECO-00000000-5bec-6c1f-f876-fc9636b87820,Italy
DECO-00000000-2125-7de2-3c77-bd6d7d0da814,Mexico
DECO-ffffffff-e358-bc88-9822-6db1061841ec,Spain
DECO-00000000-705b-8ac0-9859-f24a2af37ae5,Switzerland
DECO-ffffffff-9783-d3ea-ffff-ffff8d991a28,Mexico
DECO-00000000-2fb9-2ba7-ffff-ffffd840b01b,India
DECO-ffffffff-ce17-a967-8223-dbd63e4b1bf3,Poland
DECO-ffffffff-d6ac-c55f-0033-c5870033c587,355005
DECO-ffffffff-9eaf-9658-ffff-ffffd1508649,South Korea
DECO-ffffffff-80be-f1ca-88b3-2b6553b63723,357703
DECO-00000000-20bb-46e8-35fc-93466e5be4b4,Italy
DECO-ffffffff-f8c6-a007-ffff-ffffb5aea1dd,Chile
DECO-ffffffff-ec97-e283-ffff-fffff72a27b7,Denmark
DECO-00000000-15ee-7256-f93d-39b100932765,Mexico
DECO-00000000-6838-22bb-f648-293a0033c587,Italy
DECO-00000000-3eac-2c35-ffff-ffff8604c9af,New Zealand
DECO-00000000-3714-9085-615f-c2625fdbe417,Spain
DECO-00000000-2d52-9ec6-ffff-ffffda54edaa,Germany
DECO-ffffffff-9e33-ea8c-db02-99ea023be139,Spain
DECO-00000000-1867-e931-a77e-0f394055736d,Denmark
DECO-00000000-47aa-3824-e910-593600000000,Sweden
DECO-00000000-5e20-3c1d-9492-34ad0033c587,Germany
DECO-ffffffff-e15a-965d-6bce-e81e01d95f35,Ecuador
DECO-00000000-7303-9d50-ffff-ffff9c9ca0c4,United States of America
DECO-00000000-6e92-b656-8c38-49b933b0dc83,Germany
DECO-ffffffff-c21d-07d1-29aa-994d5f579a9c,Spain
DECO-00000000-060e-3fbf-cdc2-41ad74f39eea,Indonesia
DECO-ffffffff-8242-cec5-deb7-23f878ef83cd,ROC
DECO-ffffffff-9214-1727-9259-494d2e008fb2,Italy
DECO-ffffffff-8cec-f4a8-ffff-ffffc4992403,Spain
DECO-00000000-4056-7081-eb55-c23e52b2b3bc,Indonesia
DECO-ffffffff-9eaf-9658-0946-edb10033c587,United States of America
DECO-00000000-38f8-edec-ffff-ffffc22dc2ee,Spain
DECO-ffffffff-db6f-67fe-9b97-93b64558f7bc,Argentina
DECO-ffffffff-a246-7f5d-0033-c5870033c587,United Kingdom
DECO-ffffffff-d4ff-6c4c-ffff-ffff9f126191,India
DECO-ffffffff-c1b1-f903-5aa3-e4cc3d86090b,Germany
DECO-ffffffff-be0d-a205-cca9-090e6eda85fe,United Kingdom
DECO-ffffffff-c7ed-53d5-2577-4a8c157b98bc,Germany
DECO-00000000-091b-c0a3-463e-830d0033c587,Australia
DECO-00000000-119b-8c68-0ed3-35b72ec15385,Mexico
DECO-ffffffff-b8b9-68b6-c45a-754e7881c961,Switzerland
DECO-ffffffff-d0df-a805-79ce-54da16a398fa,United States of America
DECO-ffffffff-f5f6-7135-ffff-ffffb501166c,North Atlantic Ocean
DECO-00000000-2567-e8df-4f52-54b50033c587,Germany
DECO-00000000-55f8-d313-8d95-725a0033c587,United States of America
DECO-00000000-6c4d-5d98-bb0b-4abe0b7c8344,Chile
DECO-ffffffff-bd08-4f0a-ffff-ffffe50d3e05,Mexico
DECO-ffffffff-90a2-1f21-05bf-309e4ee4d793,Italy
DECO-ffffffff-c386-a40a-25fc-18130033c587,Spain
DECO-ffffffff-a842-7813-ffff-ffff9897952f,119454
DECO-ffffffff-d2b6-1aec-ffff-ffffa832af94,Spain
DECO-ffffffff-a670-bd28-ffff-ffffc08daf81,Italy
DECO-00000000-091b-c0a3-463e-830d40ba6f3b,Australia
DECO-ffffffff-e55c-67c2-a05f-55e75b9acf2d,Italy
DECO-00000000-7f07-73fd-e347-dda24d721984,United States of America
DECO-ffffffff-a826-2530-f242-c0f6090a8df1,Finland
DECO-ffffffff-bcc0-615c-5d6f-16543316d6ad,Italy
DECO-ffffffff-c2fb-f508-549f-978e70b7886b,Colombia
DECO-00000000-6fee-a511-c890-bd333e2c428d,Morocco
DECO-ffffffff-b76c-0952-ffff-ffff82bb5968,Slovenia
DECO-ffffffff-b465-7e2f-0cfe-5cef0033c587,United States of America
DECO-ffffffff-d57c-c3cd-ffff-fffffe3a37fb,Australia
DECO-00000000-2ebd-4773-62a4-591f4f5f54f8,Italy
DECO-ffffffff-b38e-09d0-0618-b5941b72dd62,United Kingdom
DECO-ffffffff-d5a7-57ff-a6b5-4e260919b126,Germany
DECO-ffffffff-916c-3bf4-529e-d80f124d539b,190000
DECO-00000000-291b-9773-d099-f33e0033c587,United States of America
DECO-00000000-06a5-1c99-e6f0-da6f723801e6,Turkey
DECO-00000000-1052-4175-7999-63602a3ddf8d,Italy
DECO-00000000-294b-ea06-ffff-ffff9e6236fa,Canada
DECO-ffffffff-a165-cb12-ffff-fffff90aace1,Italy
DECO-ffffffff-f91d-a13a-b661-c2ec19121a59,France
DECO-ffffffff-a118-67f0-ffff-ffffcf6909cb,France
DECO-00000000-05e7-f0da-8899-abf10033c587,United States of America
DECO-ffffffff-9164-3fb6-9d2a-4f754afaec6c,United Kingdom
DECO-ffffffff-da0d-132b-c3c6-dcc574eadbc2,China
DECO-ffffffff-9794-12da-ffff-fffff86f1528,France
DECO-00000000-5a5f-fa50-c81a-007e61d0578e,Italy
DECO-ffffffff-891e-5898-06d7-6e2f0033c587,United States of America
DECO-ffffffff-f0b0-9179-ffff-ffff8fa9ccb9,Italy
DECO-ffffffff-9864-5a4c-ffff-ffffdd9cae43,Portugal
DECO-ffffffff-e906-1c7c-5170-39335e9e797b,United States of America
